id,店名,ジャンル,ラーメン,市区町村,Style,Soup,Noodle,Character,新CSVで全タグ空欄
g-ChIJW6rc8_ftTzURAf0TFV716b8,えい吉,ラーメン専門店,専門,伊予市,ラーメン｜ちゃんぽん,醤油｜豚骨｜鶏,,,
g-ChIJN1MKv33yTzURRV2nTpf2XBY,くし坊らーめん麺人,ラーメン専門店,専門,伊予市,ラーメン,味噌｜豚骨,,,
g-ChIJKfZIXobyTzURjTmYeEe25MQ,みかさ,ラーメン専門店,専門,伊予市,中華そば,豚骨｜鶏,,あっさり,
g-ChIJNaDDdgDzTzURFtN48ik27_M,志乃や,ラーメン専門店,専門,伊予市,ラーメン｜冷やし,,,,
g-ChIJTVP-SdKNTzURQ5H5IElwOyw,上灘水産,ラーメン専門店,専門,伊予市,ラーメン,塩｜魚介,,,
g-ChIJ99x91XbyTzURgX11B7gb1WQ,朝日食堂,ラーメン専門店,専門,伊予市,中華そば,塩,,あっさり,
osm-n13904181632,いごっそ,ラーメン専門店,専門,宇和島市,中華そば,醤油｜豚骨,細麺,背脂,
g-ChIJOfdmDQBhTzUR68Zq0f28xTA,ストライク軒 宇和島総本山,ラーメン専門店,専門,宇和島市,ラーメン,醤油｜鶏白湯｜魚介｜貝,,,
g-ChIJIVm56SNgTzUR_NC5byb3R60,とんこつのあべ家,ラーメン専門店,専門,宇和島市,ラーメン,豚骨,,,
g-ChIJ985RMABhTzURebL6b5udxzA,ラーメン屋 ユニコーン,ラーメン専門店,専門,宇和島市,ラーメン,豚骨｜醤油｜味噌,,あっさり｜濃厚｜辛い,
osm-n13744174061,ラーメン凩,ラーメン専門店,専門,宇和島市,ラーメン｜二郎系｜つけ麺,豚骨｜鶏白湯｜魚介｜柑橘,自家製麺,濃厚,
g-ChIJhTJ1QcT1RTURkEZlpSkoTVM,八戒,ラーメン専門店,専門,宇和島市,ラーメン｜ちゃんぽん,塩｜味噌,,,
g-ChIJPzTFEgBhTzUR0SCVe4dp0hE,麺's げんきや,ラーメン専門店,専門,宇和島市,ラーメン,豚骨,,,
g-ChIJhVeJy8thTzURPu7IqifkbkY,麺処 菊屋,ラーメン専門店,専門,宇和島市,ラーメン｜ちゃんぽん,煮干し,,,
osm-n11936672019,和歌山らーめん らぐまん,ラーメン専門店,専門,宇和島市,ラーメン,醤油｜豚骨,,あっさり,
rdb-160382,凩紋二郎,ラーメン専門店,専門,宇和島市,二郎系,豚骨｜醤油,,にんにく,
g-ChIJ3U_YulfATzURintvm83Be-w,まんなか,ラーメン専門店,専門,久万高原町,中華そば,醤油｜煮干し,,,
rdb-138885,中華そば 鶴姫,ラーメン専門店,専門,久万高原町,中華そば,煮干し｜鶏,,,
g-ChIJZ1OcY106UDURZQZsWkSANG0,〇の,ラーメン専門店,専門,今治市,ラーメン,魚介,,,
g-ChIJz38EEaA7UDUR3HVVLQdNZIU,GLOW,ラーメン専門店,専門,今治市,ラーメン,貝,,,はい
g-ChIJpx9No9IxUDURSNonCT_HXxQ,TRITON RAMEN,ラーメン専門店,専門,今治市,ラーメン,塩｜鶏｜鶏白湯｜煮干し｜鯛・鮮魚｜海老・蟹,,清湯,
g-ChIJw_gnDI07UDURHu4NWa6AuP0,きく麺,ラーメン専門店,専門,今治市,ラーメン,豚骨｜鶏白湯,,,
osm-n6980180437,さんわ,ラーメン専門店,専門,今治市,ラーメン,塩｜豚骨｜鶏｜煮干し,細麺,あっさり｜清湯,
rdb-168235,せるすた秘密基地食堂,ラーメン専門店,専門,今治市,担々麺｜ラーメン,,,,
g-ChIJiycrDQA7UDURWbctFYCW1nM,タイガーラーメン,ラーメン専門店,専門,今治市,ラーメン｜まぜそば,味噌｜鶏,,濃厚,
g-ChIJgZwRrW08UDURAKPmYHFbBxc,てんまや食堂,ラーメン専門店,専門,今治市,中華そば,,自家製麺,清湯,
g-ChIJJUh3weM6UDUR72FxbSHhrjg,どんたく,ラーメン専門店,専門,今治市,ちゃんぽん,,,,
g-ChIJ3TRqr687UDURBLjN4Ymued8,めん処 よそ平,ラーメン専門店,専門,今治市,ラーメン,塩｜魚介,細麺,あっさり,はい
manual-mogumogura,もぐもぐら,ラーメン専門店,専門,今治市,まぜそば,,,,
g-ChIJ9fohv9g7UDURoxgOuuBLEfA,らーめん・喰うかい,ラーメン専門店,専門,今治市,ラーメン,味噌,,背脂,
g-ChIJCyZFzhk7UDURXuHOa7gOf3s,らぁめんTaikou,ラーメン専門店,専門,今治市,ラーメン,鯛・鮮魚,,清湯,
osm-w806460114,ラーメンなる,ラーメン専門店,専門,今治市,ラーメン,味噌｜豚骨｜鶏｜柑橘,,,
osm-w880917293,ラーメンハウス ミニ鳥生店,ラーメン専門店,専門,今治市,ラーメン,醤油｜塩｜味噌｜豚骨,中太麺,,
g-ChIJvTIOB5MYUDURLJhvc4R2jMg,ラーメンハウスとんとん,ラーメン専門店,専門,今治市,ラーメン,豚骨,,,
g-ChIJxYT89No7UDURO9wXZg0FURM,ラーメン道場,ラーメン専門店,専門,今治市,ラーメン｜冷やし,醤油｜塩｜味噌,中太麺,,
g-ChIJjz0-_vwxUDURWRpt5fH6iBQ,らぁ麺 enten香,ラーメン専門店,専門,今治市,ラーメン｜家系｜二郎系｜つけ麺｜まぜそば,醤油｜豚骨,,にんにく,
g-ChIJsbF1VAA7UDURsUPI1TNDQJY,横浜家系ラーメン 一門家 今治店,ラーメン専門店,専門,今治市,家系｜中華そば｜二郎系,醤油｜豚骨｜味噌｜魚介｜塩,,濃厚,
g-ChIJQyOP8CE7UDURDQwGKTw2F80,屋台 すずえ(京楽軒),ラーメン専門店,専門,今治市,中華そば,,,あっさり,
osm-n11527413036,俺のラーメン,ラーメン専門店,専門,今治市,ラーメン,醤油｜魚介,,背脂,
g-ChIJ__-WNEcwUDUR_jiZx1RQhec,丸啓,ラーメン専門店,専門,今治市,中華そば,豚骨,,あっさり,
osm-n8202430157,喜多方ラーメン 麺小町 今治店,ラーメン専門店,専門,今治市,ラーメン｜担々麺｜冷やし,醤油｜塩｜味噌｜豚骨｜魚介｜海老・蟹,,,
osm-w806424880,久留米ラーメン光屋,ラーメン専門店,専門,今治市,ラーメン,豚骨,,,
g-ChIJB237U_Q6UDURwrI4JANzwWE,京屋,ラーメン専門店,専門,今治市,中華そば,醤油｜鶏,,,
osm-n8288889733,骨太味覚 桜井店,ラーメン専門店,専門,今治市,ラーメン,豚骨,,こってり｜濃厚｜背脂｜にんにく,
osm-n8226539068,辛麺屋 桝元,ラーメン専門店,専門,今治市,辛麺,,,辛い,
g-ChIJldlHY086UDUR3Gknd_qsSLQ,大鵬軒 石井支店,ラーメン専門店,専門,今治市,ラーメン,豚骨,,あっさり,
g-ChIJoXES0kI6UDURwuZq41MAem0,大鵬軒 本店,ラーメン専門店,専門,今治市,ラーメン,豚骨,,あっさり,
osm-w881949796,中華そば うまてつ,ラーメン専門店,専門,今治市,中華そば,醤油｜味噌｜煮干し,,セメント系,
osm-n8315503592,中華そば 阿部,ラーメン専門店,専門,今治市,中華そば,,,,
rdb-124183,中華そば 京楽軒,ラーメン専門店,専門,今治市,中華そば,,,,
g-ChIJoal08ehFUDURA2z06k8x03M,猪骨ラーメン,ラーメン専門店,専門,今治市,ラーメン,醤油｜塩｜味噌,,清湯,
g-ChIJ7ZNrdNA7UDURRoIir2cbg50,伯方の塩ラーメンさんわ今治北インター店,ラーメン専門店,専門,今治市,ラーメン,塩,,,
osm-n10203839326,八平,ラーメン専門店,専門,今治市,中華そば｜冷やし,,,,
osm-n8256470931,麺屋 武吉,ラーメン専門店,専門,今治市,ラーメン｜つけ麺｜まぜそば,醤油｜塩｜豚骨｜魚介,,,
rdb-151187,麺屋 颯 今治店,ラーメン専門店,専門,今治市,ラーメン,醤油｜鶏｜魚介,,,
g-ChIJyQmUuH46UDURJXNLNAMU2W4,麺舞 龍e,ラーメン専門店,専門,今治市,ラーメン｜つけ麺,醤油｜鶏｜鶏白湯｜魚介,,濃厚｜清湯｜白湯,
g-ChIJJ2F6VGg6UDURLaB1FaP_LsI,来々軒,ラーメン専門店,専門,今治市,中華そば,,,,
g-ChIJEf1QFhKVUTURxXSt3BmYvT4,うどん・ラーメン みしま屋,ラーメン専門店,専門,四国中央市,中華そば,,,あっさり,
g-ChIJg10MWgbBUTURipeF-FRVQbY,こだま食堂,ラーメン専門店,専門,四国中央市,ラーメン,煮干し,,,
g-ChIJaegPNBWUUTURQq4IjG82OXE,せんばやし,ラーメン専門店,専門,四国中央市,ラーメン,豚骨｜貝,,濃厚,
g-ChIJrdvpiqTAUTURcKzdaYYAquo,ひかり食堂,ラーメン専門店,専門,四国中央市,ラーメン｜中華そば,醤油｜塩｜鶏｜魚介,細麺,濃厚｜清湯｜白湯,
g-ChIJO3ag-ezAUTURBk969nXHuDw,ミッドナイト ウマイゾ さっちゃん,ラーメン専門店,専門,四国中央市,ラーメン,醤油｜味噌｜豚骨,,,
g-ChIJUXnbwU2RUTURci1xjN-B4ck,やったろうじゃん,ラーメン専門店,専門,四国中央市,ラーメン｜つけ麺｜まぜそば｜担々麺,,細麺｜太麺｜自家製麺,,
g-ChIJe8ZV_H6RUTUR9Gf3sU1Fcpo,らーめん こぶた堂,ラーメン専門店,専門,四国中央市,ラーメン,豚骨,,あっさり,
g-ChIJJxZ07VyRUTUR52qpl84PB50,居酒屋 坊ZU,ラーメン専門店,専門,四国中央市,ラーメン,鶏白湯｜煮干し,細麺,あっさり｜濃厚,
g-ChIJxSaou3CRUTURwbE2R5qF2KI,朝皆笑味,ラーメン専門店,専門,四国中央市,ラーメン｜冷やし,塩,,あっさり,
osm-w407607874,天下一品四国中央店,ラーメン専門店,専門,四国中央市,ラーメン,鶏,,こってり｜濃厚,
g-ChIJXbTfchqRUTURmVfxm251X6g,東麺照 一寛,ラーメン専門店,専門,四国中央市,ラーメン,塩｜鶏｜煮干し,,清湯,
g-ChIJGXp5Rv6VUTURUu7NhtDcJ64,豚虎ラーメン,ラーメン専門店,専門,四国中央市,二郎系｜まぜそば,,自家製麺,,
g-ChIJHVZXYADlTzURGnXZsjEqKmU,55CHINA JR松山駅だんだん通り店,ラーメン専門店,専門,松山市,ラーメン｜家系｜二郎系｜つけ麺｜まぜそば,醤油｜豚骨｜鶏｜煮干し,細麺｜太麺｜自家製麺,,
rdb-173414,55China 大街道店,ラーメン専門店,専門,松山市,ラーメン｜家系｜二郎系｜まぜそば｜つけ麺,鶏｜煮干し｜醤油｜豚骨,自家製麺｜細麺｜太麺,,
g-ChIJq654e7HlTzURifL37KI5jQ8,KANEOKA RAMEN,ラーメン専門店,専門,松山市,ラーメン,豚骨｜鶏白湯｜魚介｜海老・蟹,,濃厚｜白湯,
rdb-159200,LANTAN,ラーメン専門店,専門,松山市,担々麺｜ラーメン,鶏｜煮干し,,,
g-ChIJq6qlkYzlTzURnqvS3guTSE8,あづま家 千舟町店,ラーメン専門店,専門,松山市,ラーメン｜つけ麺｜まぜそば,醤油｜豚骨｜鶏｜魚介｜煮干し｜節,,,
rdb-165706,うさぎ家,ラーメン専門店,専門,松山市,中華そば,煮干し,,,
g-ChIJ_6tKqRHvTzURIF0yjZHo__o,うどん麦わら 麺処むぎ家,ラーメン専門店,専門,松山市,ラーメン｜家系,醤油｜豚骨｜節,,,
g-ChIJq2oumtDlTzURkBZswTu2Uv0,おでん・中華そば 瓢簞,ラーメン専門店,専門,松山市,中華そば,,,,
osm-n2305778256,かめ福,ラーメン専門店,専門,松山市,ラーメン,醤油｜豚骨｜胡麻,,,
rdb-168651,ゴールデンゴリラ,ラーメン専門店,専門,松山市,ラーメン｜冷やし,鶏｜節｜醤油｜煮干し,,,
osm-n2441099695,こだわりラーメン海鮮とんこつ家,ラーメン専門店,専門,松山市,ラーメン,豚骨,,,
g-ChIJtaaEFADvTzUR3bsEKth8ZxI,サムライノネイロ,ラーメン専門店,専門,松山市,ラーメン｜家系｜まぜそば,塩｜豚骨｜煮干し,,,
g-ChIJtXxoVwDpTzURjpw9OfRmH3o,じゃんめん フジグラン重信店,ラーメン専門店,専門,松山市,ラーメン,,,辛い,
g-ChIJs5SNPQDvTzUR9KBwSlVik8o,センベエ食堂,ラーメン専門店,専門,松山市,ラーメン｜冷やし,醤油｜豚骨｜魚介,,,
g-ChIJzROZBgDlTzURRB64ce3eXLI,だし川うま吉【不定休】,ラーメン専門店,専門,松山市,ラーメン｜まぜそば,醤油｜鶏｜魚介,,清湯,
g-ChIJoaLdfsPvTzURu9TObmXOWUQ,ダルマ食堂,ラーメン専門店,専門,松山市,ラーメン｜ちゃんぽん,醤油,,,
g-ChIJYcHETVLlTzURJM6Deqt2NGA,つけめん 真中（本店）,ラーメン専門店,専門,松山市,つけ麺,,,,
g-ChIJl-BUOuzlTzURkZrKPwNLaME,つけめん 蔵木,ラーメン専門店,専門,松山市,つけ麺,,,,
g-ChIJNTr1TI7vTzUReSBMHGEYNQE,とりそば 翔 インスタ要確認,ラーメン専門店,専門,松山市,ラーメン,鶏,,あっさり｜濃厚,
g-ChIJcecK2EfvTzURFpcPxKZQJwE,ねぎ坊主,ラーメン専門店,専門,松山市,ラーメン,塩｜魚介｜胡麻,,あっさり｜にんにく,
g-ChIJ36Ce2JjlTzUR-k8nbWATgYM,のっぴんらー麺,ラーメン専門店,専門,松山市,ラーメン｜つけ麺｜担々麺,豚骨｜鶏｜魚介｜野菜｜胡麻,,,
g-ChIJnzKS8O7lTzURwU80Eh2lrTY,バラックからし屋,ラーメン専門店,専門,松山市,ラーメン,,,辛い,
rdb-97456,びいどろ,ラーメン専門店,専門,松山市,ちゃんぽん,,,,
g-ChIJm0BqGADlTzUR2_tv0U78oro,まぜそば専門店もず,ラーメン専門店,専門,松山市,まぜそば,,,,
g-ChIJJeHaqbHlTzURtbyVviZ6gx0,マリカリクリカ,ラーメン専門店,専門,松山市,ラーメン,,,辛い,
rdb-153715,らーめん おが多 二番町店,ラーメン専門店,専門,松山市,ラーメン,醤油｜塩,,,
g-ChIJR25P6PPlTzURhR-UaFi1yOo,ラーメン ブタイチ 松山二番町店,ラーメン専門店,専門,松山市,二郎系,醤油｜豚骨,太麺,背脂｜にんにく,
osm-n2387958471,ラーメン 一興 鷹子店,ラーメン専門店,専門,松山市,ラーメン｜つけ麺｜まぜそば,豚骨｜味噌,自家製麺｜細麺｜中太麺,あっさり｜こってり,
g-ChIJ9XK-47_vTzURSPU8XJsnHlQ,ラーメン 鑫龍,ラーメン専門店,専門,松山市,ラーメン｜つけ麺,醤油｜豚骨,,背脂｜にんにく,
g-ChIJAchVPITlTzURM9_H_Eqz6Fs,らーめんおが多 キスケＢＯＸ店,ラーメン専門店,専門,松山市,ラーメン,醤油｜鶏,,あっさり,
g-ChIJL0JyYgDvTzURbYNS7nB98Zo,らーめんもりや 松山空港通店,ラーメン専門店,専門,松山市,ラーメン,豚骨,,,
g-ChIJO3gHTXLlTzURF6zo-fRyLVk,ラーメン一興 久万ノ台店,ラーメン専門店,専門,松山市,ラーメン,豚骨,自家製麺,あっさり｜こってり,
g-ChIJ2QS5M1_vTzURvmJ8a1sNlng,ラーメン一興 立花店,ラーメン専門店,専門,松山市,ラーメン,豚骨,自家製麺,あっさり｜こってり,
rdb-133749,ラーメン源骨,ラーメン専門店,専門,松山市,ラーメン,豚骨,,背脂,
g-ChIJz6nTcvPvTzURFuc8v2kZH0I,ラーメン自販機 oh28ya松山店 家系/二郎系,ラーメン専門店,専門,松山市,家系｜二郎系,醤油｜豚骨,,,はい
g-ChIJp09vKKboTzURaIuFu1jkmr4,ラーメン食堂 縁 北久米店,ラーメン専門店,専門,松山市,二郎系,豚骨,,にんにく,
osm-n2305044388,ラーメン来来亭 松山大前店,ラーメン専門店,専門,松山市,ラーメン,醤油｜鶏,,こってり｜背脂,
g-ChIJUxzyEYDvTzURMm75EfM-roQ,らぁ麺 参獣師,ラーメン専門店,専門,松山市,ラーメン,豚骨｜鶏,,濃厚｜泡系,
rdb-173409,ラー麺ずんどう屋 松山問屋町店,ラーメン専門店,専門,松山市,ラーメン,豚骨,,濃厚,
rdb-71307,一天張,ラーメン専門店,専門,松山市,担々麺,,,辛い,
g-ChIJyeLUSPPlTzUR5p6iPFffdyY,炎やらーめん,ラーメン専門店,専門,松山市,ラーメン,醤油｜豚骨,,辛い,
g-ChIJdce-SADnTzURB72TcqKI0Y0,横浜家系ラーメン 一門家 枝松店,ラーメン専門店,専門,松山市,家系｜中華そば｜二郎系,醤油｜豚骨｜味噌｜魚介｜塩,,濃厚,
g-ChIJ9za_agDvTzURO9Pz-QXsmPY,横浜家系ラーメン 一門家 椿参道店,ラーメン専門店,専門,松山市,家系｜中華そば｜二郎系,醤油｜豚骨｜味噌｜魚介｜塩,,濃厚,
rdb-86674,横浜家系らーめん 黒帯,ラーメン専門店,専門,松山市,家系,豚骨｜醤油,,,
osm-n10275126705,横浜家系ラーメン一門家 大街道店,ラーメン専門店,専門,松山市,家系｜中華そば｜二郎系,醤油｜豚骨｜味噌｜魚介｜塩,,濃厚,
osm-n11559743688,久留米とんこつラーメン 松山分校,ラーメン専門店,専門,松山市,ラーメン,豚骨,,,
g-ChIJcyg3BOzlTzURDtf3MCAd4hs,錦 iwamoto,ラーメン専門店,専門,松山市,ラーメン,醤油｜塩｜鶏｜鯛・鮮魚,,白湯,
g-ChIJi0-7egDpTzUR_2CGh9T5ZlM,九州豚骨醤油 鯉から竜 久米店,ラーメン専門店,専門,松山市,ラーメン,醤油｜豚骨,,,
g-ChIJh6qjlvPlTzURRdhkON-EnzM,九州豚骨醤油 鯉から竜 松山店,ラーメン専門店,専門,松山市,ラーメン,醤油｜豚骨,,,
osm-n8244379251,源氏車,ラーメン専門店,専門,松山市,つけ麺｜まぜそば,豚骨｜魚介,太麺｜自家製麺,濃厚,
g-ChIJy873QhPvTzURreIiTQRLS3g,古川屋台ソウヅ,ラーメン専門店,専門,松山市,二郎系｜つけ麺｜まぜそば,,太麺,,
g-ChIJb7isTkXlTzURNDEsnamn5ak,高見屋,ラーメン専門店,専門,松山市,中華そば,,,,
g-ChIJ42c2KuzlTzURXlIAe6cSEbs,骨太味覚 本店,ラーメン専門店,専門,松山市,ラーメン,豚骨,,こってり｜濃厚｜背脂｜にんにく,
g-ChIJG4LDwaXoTzURrd8KLEMoZbA,四川旬菜アスター,ラーメン専門店,専門,松山市,ラーメン｜担々麺｜ちゃんぽん,醤油｜味噌｜胡麻,,濃厚｜辛い,
g-ChIJBSfCXB7lTzURsF8BTdwyBdI,周旋人,ラーメン専門店,専門,松山市,二郎系,,太麺,背脂｜にんにく,
g-ChIJ5x4vIwDlTzURhsW7UUVF6ik,松山ブラックラーメン 黒虎屋,ラーメン専門店,専門,松山市,中華そば｜油そば,醤油,自家製麺,背脂｜濃厚,
g-ChIJky_aKADlTzURSyT6QRDgXYA,松山ラーメン うしみつ,ラーメン専門店,専門,松山市,ラーメン,醤油｜塩,,背脂,
g-ChIJO_3eJJrlTzUR93CkLLJGciY,松山鯛ラーメン万福久,ラーメン専門店,専門,松山市,ラーメン,鯛・鮮魚,,,
g-ChIJdfqhgt3lTzUR0INHkJ38Koc,松流 フジグラン松山本店,ラーメン専門店,専門,松山市,ラーメン｜中華そば｜まぜそば｜つけ麺｜油そば｜家系,豚骨｜醤油｜塩｜魚介,,,
rdb-164374,笑福,ラーメン専門店,専門,松山市,中華そば,鶏,,,
g-ChIJ8xtCuGrvTzUR8290HgkWdao,醤油ラーメン専門店 醤和堂,ラーメン専門店,専門,松山市,ラーメン,醤油,,,
rdb-95928,食房 夢而今,ラーメン専門店,専門,松山市,ラーメン｜担々麺｜冷やし,醤油｜塩｜味噌｜豚骨｜魚介｜鶏,,,
rdb-157062,辛麺 kitchen 彩 二番町店,ラーメン専門店,専門,松山市,辛麺,,,辛い,
rdb-110997,辛麺kitchen 彩,ラーメン専門店,専門,松山市,辛麺,,,辛い,
rdb-126548,辛麺kitchen 彩 山西店,ラーメン専門店,専門,松山市,辛麺,,,辛い,
g-ChIJS4ESIgDlTzUR5_Jb22KYuUY,辛麺屋 飛麻飛火,ラーメン専門店,専門,松山市,辛麺,,,辛い,
rdb-118036,辛麺屋 桝元 松山店,ラーメン専門店,専門,松山市,辛麺,,,辛い,
g-ChIJU9VgzHjlTzUR2xotKTdQsv8,瀬戸内らーめん @伍式,ラーメン専門店,専門,松山市,中華そば｜まぜそば｜つけ麺,鯛・鮮魚｜醤油｜塩｜煮干し,,セメント系,
g-ChIJ_wVeX-7lTzURrv4GSx0zaDY,瀬戸内ラーメン あづま家 二番町店,ラーメン専門店,専門,松山市,ラーメン｜つけ麺｜まぜそば,醤油｜豚骨｜鶏｜魚介｜煮干し｜節,,,
g-ChIJUdsX5N_lTzURjcXN98zfldk,清龍園 湯渡店,ラーメン専門店,専門,松山市,中華そば｜ちゃんぽん,醤油｜豚骨,,,
g-ChIJ3_lsF5vlTzURRSW9-bv6gjY,生しじみラーメン『オルニ』松山本店,ラーメン専門店,専門,松山市,ラーメン,貝,,,
rdb-58591,大澤麺工房 一葵,ラーメン専門店,専門,松山市,ラーメン｜まぜそば,塩｜味噌,,あっさり｜こってり｜濃厚,
rdb-100266,地鶏白醤油拉麺 鶏真 大街道店,ラーメン専門店,専門,松山市,ラーメン,醤油｜鶏白湯,,背脂,
g-ChIJ7yJlegDpTzURBhNkcBeXkXY,中華そば 鯊,ラーメン専門店,専門,松山市,中華そば,,,,
g-ChIJkYpGno7lTzURD3Zo3dr7jNs,中華そば・おでん 瓢太,ラーメン専門店,専門,松山市,中華そば,,,,
g-ChIJMTjcLgDvTzURQeBU3m6NGhQ,中華そば56,ラーメン専門店,専門,松山市,中華そば,,,,
g-ChIJkVu4OCzuTzURcSaZBEh6mY0,中華そば創,ラーメン専門店,専門,松山市,中華そば,,,,
osm-n2441105205,中華つけ麺大王,ラーメン専門店,専門,松山市,つけ麺,,,,
g-ChIJF42TdVrlTzURHfGa_O-neUc,長浜ラーメン 長浜一番,ラーメン専門店,専門,松山市,ラーメン,豚骨,,,
osm-w230964592,天下一品 土居田店,ラーメン専門店,専門,松山市,ラーメン,鶏,,こってり｜濃厚,
rdb-163493,天領 二番町店,ラーメン専門店,専門,松山市,ラーメン,豚骨｜醤油,自家製麺｜細麺,あっさり,
g-ChIJgQBS7lblTzURARY9vhCMZSs,東京油組総本店 大街道組,ラーメン専門店,専門,松山市,油そば,,,,
g-ChIJNfG2IaDlTzURzsYNBEsF_dQ,闘牛ラーメン,ラーメン専門店,専門,松山市,ラーメン,醤油｜豚骨,,あっさり,
g-ChIJQQ4qjyzlTzURa3S2refmHdA,豚珍行,ラーメン専門店,専門,松山市,ラーメン,醤油｜豚骨｜鶏｜魚介｜野菜,,,
g-ChIJVVVVVfLlTzURw8qhvYUg-tQ,豚麺 アジト,ラーメン専門店,専門,松山市,二郎系,醤油｜豚骨,太麺,濃厚｜にんにく,
rdb-7213,博多一風堂 松山店,ラーメン専門店,専門,松山市,ラーメン,豚骨,細麺,,
g-ChIJ7zVgiqnlTzURvtM_81pJ-bw,番町製麺,ラーメン専門店,専門,松山市,二郎系｜まぜそば,豚骨,,濃厚,
g-ChIJP6otfZXvTzURDzlBFeMpqUA,風雲丸 松山空港通り店,ラーメン専門店,専門,松山市,ラーメン｜つけ麺,味噌｜煮干し,,濃厚,
g-ChIJ3bdhHgseUDURfb9bnjcOzMo,風早いちや,ラーメン専門店,専門,松山市,ラーメン｜ちゃんぽん,醤油｜鶏｜魚介,,,
g-ChIJRZf0Cq_oTzURXUrIMPZ6itA,風風亭 久米店,ラーメン専門店,専門,松山市,ラーメン,豚骨,自家製麺,あっさり,
rdb-78024,風風亭 樽味本店,ラーメン専門店,専門,松山市,ラーメン,豚骨,自家製麺,あっさり,
g-ChIJxd1niFvvTzURtAVNjApCkyw,味千拉麺 朝生田店,ラーメン専門店,専門,松山市,ラーメン,豚骨,,,
g-ChIJHUP4cZXlTzURoyF1eYXRZOg,味噌とんこつらーめん まる,ラーメン専門店,専門,松山市,ラーメン,味噌｜豚骨,,,
g-ChIJpxXitIHlTzURf2_0nRRw9Sg,夢を語れ 松山,ラーメン専門店,専門,松山市,二郎系｜まぜそば,,太麺,にんにく,
rdb-157557,麺 一,ラーメン専門店,専門,松山市,中華そば,,,,
g-ChIJQVoKNfPlTzURwmIwkny6ueg,麺と向かって鰹,ラーメン専門店,専門,松山市,ラーメン,節,,,
g-ChIJJ4GP3s7lTzURDUtdmDVly_g,麺のようじ 松山店,ラーメン専門店,専門,松山市,ラーメン｜つけ麺,塩｜鶏｜節,,清湯,
g-ChIJ63LeUMPlTzUR_brlGzl4lAE,麺や 新倉,ラーメン専門店,専門,松山市,ラーメン｜つけ麺,,,濃厚,
g-ChIJsRC7vfnlTzURiXdgC3QRBAY,麺や雅,ラーメン専門店,専門,松山市,ラーメン,豚骨,,,
g-ChIJu8dtFtjvTzURkmSiNz1jcKY,麺屋 ICHI,ラーメン専門店,専門,松山市,ラーメン｜つけ麺,醤油｜豚骨｜魚介,,濃厚,
g-ChIJq1Rmyu3lTzURs_48FrDZGCQ,麺屋 十銭,ラーメン専門店,専門,松山市,ラーメン,醤油｜煮干し,,背脂,
g-ChIJxxft0ojlTzURVNSD0_-1bgQ,麺屋 勝十銭,ラーメン専門店,専門,松山市,ラーメン,醤油｜煮干し,,背脂,
g-ChIJYbhOBgDlTzURQnOdNzVTGkM,麺屋 鮮太,ラーメン専門店,専門,松山市,中華そば,醤油｜塩｜味噌,,,
g-ChIJj-Oi2PrvTzURPEsBfZp081k,麺屋 柚木,ラーメン専門店,専門,松山市,ラーメン｜中華そば｜二郎系,醤油｜豚骨｜鶏｜魚介,太麺,こってり,
rdb-156659,麺屋 颯,ラーメン専門店,専門,松山市,ラーメン,醤油｜鶏｜魚介,,,
g-ChIJD8FokKnlTzURDXSbDHiEo9M,麺屋もりと,ラーメン専門店,専門,松山市,ラーメン｜つけ麺,鶏白湯｜煮干し,,濃厚｜白湯,
g-ChIJaSDV-e3lTzUR1O9mvs2WNkc,麺家 なかむら,ラーメン専門店,専門,松山市,ラーメン,醤油｜塩｜鶏｜鯛・鮮魚,,清湯,
g-ChIJq6qpVhjmTzURx5LwDGeYg3I,麺工房 茜屋,ラーメン専門店,専門,松山市,ラーメン｜創作系,,,,
rdb-173658,麺工房 遥海,ラーメン専門店,専門,松山市,油そば,,,,
g-ChIJM2SvGaDlTzURKVx0S2pgTEA,麺処 大河,ラーメン専門店,専門,松山市,ラーメン｜つけ麺,味噌｜豚骨｜魚介,,,
rdb-109964,麺場 田所商店 新空港通り店,ラーメン専門店,専門,松山市,ラーメン,味噌｜豚骨,,,
osm-n13954951301,麺鮮醤油房 周月,ラーメン専門店,専門,松山市,ラーメン,醤油,,,
g-ChIJbdYkoO7lTzURpDX2BvCC-Xs,麺鮮醤油房 周平,ラーメン専門店,専門,松山市,ラーメン,醤油,,,
g-ChIJB1k0K_XnTzUR4hHW7IZuQTg,麺道 仙波,ラーメン専門店,専門,松山市,ラーメン,醤油｜塩｜豚骨,自家製麺,白湯,
g-ChIJO04Kn7_lTzURfRAdwxyMbaw,油そば 周平,ラーメン専門店,専門,松山市,油そば,,,,
g-ChIJR5XVeW_mTzUR-eygRq-a65g,葉牡丹,ラーメン専門店,専門,松山市,中華そば,,,,
osm-n2385956566,来来亭,ラーメン専門店,専門,松山市,ラーメン,醤油｜鶏,,こってり｜背脂,
g-ChIJ8b0PAADlTzURdA-73DKoZO0,狼煙,ラーメン専門店,専門,松山市,ラーメン｜つけ麺,醤油｜鶏,,,
g-ChIJq6qeD4zlTzURCGO0Yf1Und4,拉麺 閏 （ラーメン ウルウ）,ラーメン専門店,専門,松山市,ラーメン,味噌,,,
rdb-126592,拉麺酒場 乙,ラーメン専門店,専門,松山市,ラーメン,塩,,あっさり,
g-ChIJz3rxRe7lTzUR2uvNrnD8A7o,萬楽 塩田屋,ラーメン専門店,専門,松山市,ラーメン｜つけ麺,醤油｜塩｜味噌｜豚骨｜鶏,,清湯,
rdb-164512,一風堂 エミフルMASAKI,ラーメン専門店,専門,松前町,ラーメン,豚骨,細麺,,
g-ChIJmSaJuavvTzURk0FAFx0opc0,芯せかい エミフルMASAKI店,ラーメン専門店,専門,松前町,中華そば,鶏｜魚介,自家製麺,清湯,
g-ChIJj9_7YMatUTURmzWI1arg0wI,どんラーメン,ラーメン専門店,専門,上島町,ラーメン,醤油,,背脂,
g-ChIJW9iTpe7OUTURttw5qiL2-rw,お食事処麺匠夢屋,ラーメン専門店,専門,新居浜市,ラーメン｜つけ麺,鶏｜魚介,,,
osm-n2182966393,からし屋,ラーメン専門店,専門,新居浜市,ラーメン,,,辛い,
g-ChIJn14eepbOUTUR9AnzjuKQBWw,サッポロラーメン 新居浜西店,ラーメン専門店,専門,新居浜市,ラーメン,味噌,,,
g-ChIJL9Oodr3PUTURH-gme2_RAGs,ジョーズカリー&ウイスキー,ラーメン専門店,専門,新居浜市,ラーメン｜二郎系｜つけ麺,豚骨,細麺｜太麺,背脂,
g-ChIJw0vsOcnPUTUR9gh8vzSOObs,マシマシらーめん物語はここから始まるのだ。新居浜店,ラーメン専門店,専門,新居浜市,二郎系,,,,
g-ChIJy1m1IhnPUTURgL3ZNGFBFuU,らーめん みやび屋,ラーメン専門店,専門,新居浜市,ラーメン｜つけ麺,醤油｜塩｜鶏｜煮干し,自家製麺,清湯,
g-ChIJKwgGJkvJUTUR5liL_v6Gb6w,らーめん処 笑福,ラーメン専門店,専門,新居浜市,ラーメン｜つけ麺,醤油｜味噌｜豚骨,,,
g-ChIJ_THo1c_OUTUR868-lz0qdXE,らーめん亭,ラーメン専門店,専門,新居浜市,ラーメン｜ちゃんぽん,醤油｜塩｜味噌,中太麺,,
g-ChIJK55oEcLOUTURhtj5YFANuh0,らぅ麺 純,ラーメン専門店,専門,新居浜市,ラーメン｜つけ麺,豚骨｜魚介,,濃厚,
g-ChIJI1Zu3sjOUTURl09wjt0MOYQ,リビエラ/ネオナガハマ,ラーメン専門店,専門,新居浜市,ラーメン,豚骨,細麺,あっさり｜白湯｜背脂,
g-ChIJyW_u7M_PUTUR8c-c-ygW_FE,横浜家系ラーメン 稲和家,ラーメン専門店,専門,新居浜市,家系,醤油｜豚骨,,,
g-ChIJ_wqFrkHPUTUR21VN6k3uktw,横浜家系ラーメン 百寅家,ラーメン専門店,専門,新居浜市,家系,醤油｜豚骨,,,
g-ChIJ3eOFHADPUTURzgorjAtZHi4,我央,ラーメン専門店,専門,新居浜市,ラーメン,醤油｜塩｜味噌｜魚介,,,
g-ChIJ170JLADPUTURPnGWNsOxKWs,讃岐ラーメン 浜堂（はまんど） 新居浜,ラーメン専門店,専門,新居浜市,ラーメン｜まぜそば,煮干し｜鶏白湯｜海老・蟹,細麺｜太麺,清湯｜背脂｜セメント系｜辛い,
g-ChIJ15x2PwDPUTURs8s6eTJ-8kw,辛麺居酒屋 纏,ラーメン専門店,専門,新居浜市,辛麺,,,辛い,
g-ChIJJ8Xly4PPUTURQUF4NkEGjK0,生守らーめん 新居浜店,ラーメン専門店,専門,新居浜市,ラーメン,豚骨,,,
g-ChIJ66YNKczOUTURvC_02O69qBk,大鵬軒,ラーメン専門店,専門,新居浜市,ラーメン,豚骨,,あっさり,
g-ChIJz2VbHVbPUTURxjU8YgyIHyg,中華そば 居酒屋 うらめしや～,ラーメン専門店,専門,新居浜市,中華そば,,,,
g-ChIJewyucF_PUTURvIXnP2rames,中華蕎麦つけ麺 一 hajime 新居浜店,ラーメン専門店,専門,新居浜市,つけ麺,,,,
g-ChIJvX9wKMnOUTURu0G9nHEmwRo,堤亭,ラーメン専門店,専門,新居浜市,ラーメン,醤油｜節,,,
osm-n11814665969,天下一品,ラーメン専門店,専門,新居浜市,,鶏,,こってり｜濃厚,
g-ChIJO66GTgDPUTURzi1bieNQtZQ,纏Ⅱ,ラーメン専門店,専門,新居浜市,辛麺,,,辛い,
g-ChIJTbcTDiDPUTUR89tyEd57XG0,麺処 倭,ラーメン専門店,専門,新居浜市,ラーメン｜つけ麺,煮干し,,,
g-ChIJZWDXYxPPUTURUPTf5ePlvuQ,来来亭 新居浜店,ラーメン専門店,専門,新居浜市,ラーメン,醤油｜鶏,,こってり｜背脂,
g-ChIJq3JM08fOUTURLK_cuFuQpkw,齋藤,ラーメン専門店,専門,新居浜市,中華そば,,,,
g-ChIJZa1Zv9rSUTUR4_MtSsSg9AE,こんなもん屋,ラーメン専門店,専門,西条市,ラーメン,醤油｜鶏｜魚介,細麺,あっさり,
g-ChIJAYM0yNPSUTURCdISoHpQ-zc,サッポロラーメン 西条店,ラーメン専門店,専門,西条市,ラーメン,味噌,,,
g-ChIJCftfQ7rSUTURLud6ZmYd3Pc,ちゃーしゅう工房いしづち店,ラーメン専門店,専門,西条市,ラーメン,味噌,,,
g-ChIJd7qGT-0vUDURyn97tA-VEt8,ますみ,ラーメン専門店,専門,西条市,中華そば,,,,
g-ChIJKam_ysksUDURsA6OJrB3lUc,まん吉,ラーメン専門店,専門,西条市,ラーメン,味噌,,,
g-ChIJJ1UBofnTUTURF7KNzSmwTcw,めん六や 愛媛西条店,ラーメン専門店,専門,西条市,ラーメン,醤油｜味噌,,,
g-ChIJEyTDAnUtUDURPcQ-Y8BfAsE,めん六や 愛媛東予店,ラーメン専門店,専門,西条市,ラーメン,醤油｜味噌,,,
g-ChIJ0R8LOsLSUTURih3zosklW7Y,ラーメン屋さん,ラーメン専門店,専門,西条市,ラーメン,醤油｜味噌｜豚骨,,,
g-ChIJ5b6GPtQrUDUR7H-zTXiaff8,ラーメン工房 がいな,ラーメン専門店,専門,西条市,ラーメン,塩,細麺,,
g-ChIJCed9Pc_SUTURvpQWzKPTUM8,ラーメン亭,ラーメン専門店,専門,西条市,ラーメン,醤油｜塩,,あっさり,
g-ChIJR5GRCbrSUTURiWwkY1X4rOg,一番星,ラーメン専門店,専門,西条市,ラーメン,醤油｜鶏,,背脂,
g-ChIJQeriArYuUDUR-AAQK5YHPqo,丸鶏醤油ラーメン とりの助 東予店,ラーメン専門店,専門,西条市,,醤油,,,
g-ChIJ9zNxr7vSUTURvNvSi2FL_8c,九州筑豊ラーメン山小屋 伊予西条店,ラーメン専門店,専門,西条市,ラーメン,豚骨,,,
g-ChIJh6zAANDSUTUR897iQJ2V6tI,松葉家,ラーメン専門店,専門,西条市,中華そば,鶏,,,
osm-n10314032064,生守ラーメン,ラーメン専門店,専門,西条市,ラーメン,豚骨,,,
g-ChIJua18MMbSUTURxSA2zIzc9j0,大田屋,ラーメン専門店,専門,西条市,ラーメン｜二郎系｜つけ麺｜担々麺,醤油｜塩｜味噌｜豚骨｜鶏｜鶏白湯｜煮干し｜節,細麺,,
g-ChIJTzYffWDZTzURb82Ncyiu_ls,中華そば心,ラーメン専門店,専門,西条市,中華そば,,,,
g-ChIJYYbbvLzSUTURdfz1ZRIiZHc,毎日食堂,ラーメン専門店,専門,西条市,中華そば,,,清湯,
g-ChIJqRCIeM4vUDURwJpqDfqVycc,麺のTORIKO,ラーメン専門店,専門,西条市,ラーメン｜つけ麺｜油そば,,,,
osm-n8430959261,麺屋 田所商店 西条店,ラーメン専門店,専門,西条市,ラーメン,味噌｜豚骨,,,
g-ChIJw8M0ww2HRTURDcf7TguAFCM,麺や だんここ,ラーメン専門店,専門,西予市,ラーメン｜つけ麺｜まぜそば,煮干し｜豚骨｜カレー,太麺,濃厚｜辛い,
g-ChIJd_lN5Fh5TzURIuCRZmUxmeY,麺や 一心,ラーメン専門店,専門,西予市,ラーメン｜つけ麺,味噌｜豚骨｜鶏｜魚介,,濃厚｜辛い,
g-ChIJDRo62pCATzUR4GaQios4bgo,アジト(AJI10),ラーメン専門店,専門,大洲市,ラーメン｜つけ麺,豚骨｜鶏白湯｜魚介,太麺｜自家製麺,濃厚,
g-ChIJ4QuFwlaBTzUR38UM9jxVaPw,ひふみ,ラーメン専門店,専門,大洲市,ラーメン｜中華そば,醤油｜味噌｜魚介,,,
g-ChIJGw4gjb-ATzURSBgVUZ5DrzM,みろく家,ラーメン専門店,専門,大洲市,ラーメン,豚骨,,あっさり,
g-ChIJ44hwAgB_RTURSrKn36QFXLE,らーめん笑福,ラーメン専門店,専門,大洲市,ラーメン｜ちゃんぽん,豚骨,細麺,,
g-ChIJ26FBQDB9RTURhPnwCCTuVqY,伊予路,ラーメン専門店,専門,大洲市,ラーメン,貝,細麺,あっさり,
rdb-99977,博多ラーメン 大郷 大洲本店,ラーメン専門店,専門,大洲市,ラーメン,豚骨,細麺,濃厚,
g-ChIJb2K6Y4SATzUR3HPVzIwuq8E,博多乃風らーめん大郷,ラーメン専門店,専門,大洲市,,豚骨,,,
g-ChIJSYlOkdV_RTUR33H7u03NAlE,福ちゃんラーメン,ラーメン専門店,専門,大洲市,ラーメン,味噌,,,
g-ChIJOSTE7DKBTzUReLA_54H3Bvc,麺鮮醤油房 周月フレスポ大洲店,ラーメン専門店,専門,大洲市,,醤油,,,
g-ChIJbS74BNjuTzURmFRPZQJ3FWk,サッポロラーメン 八倉店,ラーメン専門店,専門,砥部町,ラーメン,味噌,,,
g-ChIJq-FrCCvpTzUR7Uw1uaR1W6M,ラーメン一興 砥部店,ラーメン専門店,専門,砥部町,ラーメン,豚骨,自家製麺,あっさり｜こってり,
g-ChIJ01QG4aXpTzURIo1aukstOWI,水田商店,ラーメン専門店,専門,砥部町,ラーメン,豚骨,細麺,,
g-ChIJh0l4aADpTzURazyiHqJKvug,横浜家系ラーメン 一門家東温店,ラーメン専門店,専門,東温市,家系｜中華そば｜二郎系,醤油｜豚骨｜味噌｜魚介｜塩,,濃厚,
g-ChIJpUMsrXHoTzURuJbGNhGpqMY,中華そば 芯せかい 本店,ラーメン専門店,専門,東温市,中華そば,,,,
g-ChIJkWsv9QroTzURfIOFoqN6CfU,来来亭 東温店,ラーメン専門店,専門,東温市,ラーメン,醤油｜鶏,,こってり｜背脂,
g-ChIJSWeQv7CFTzURTt-YBYgUspI,内子いなりや×ストライク軒,ラーメン専門店,専門,内子町,中華そば｜ちゃんぽん,,,,
g-ChIJ78c3r4SERTURuPcomRPzbrU,どさん子 八幡浜店,ラーメン専門店,専門,八幡浜市,ラーメン,味噌,,,
g-ChIJjaLEcgCFRTURQzH4muMnJ4k,ひなた食堂,ラーメン専門店,専門,八幡浜市,ラーメン,醤油,,あっさり,
osm-n7023212929,ロンドン,ラーメン専門店,専門,八幡浜市,ちゃんぽん,鶏,太麺,あっさり,
g-ChIJrSS88Y1VTzURWqD4_xHL7yg,台湾料理 豊源 愛南店,中華料理,あり,愛南町,ラーメン,,,,
g-ChIJYUH6W4blTzURP37OHNz6Hh8,俺のギョーザ,中華料理,あり,伊予市,ラーメン｜中華そば｜担々麺,醤油,,,
g-ChIJ7aSkvAjyTzUR2JNyBEsZ3zQ,中華料理 東龍,中華料理,あり,伊予市,ラーメン,,,,
g-ChIJCxzDPs1hTzURKH0rFVhxVPE,ルパ・ルパ,中華料理,あり,宇和島市,ちゃんぽん｜担々麺,醤油,,,はい
osm-n7555880212,台湾創作キッチンRyu,中華料理,あり,宇和島市,ラーメン,,,,はい
osm-n12365032866,大阪王将,中華料理,あり,宇和島市,,,,,
osm-n11936672053,中国亭,中華料理,あり,宇和島市,ラーメン｜担々麺,豚骨,,,
g-ChIJ_ZUwexFjTzURbyXoKD1smNU,文華亭,中華料理,あり,宇和島市,ラーメン,,,,
osm-n13904181616,奉天,中華料理,あり,宇和島市,ラーメン｜担々麺,醤油｜塩,,辛い,
rdb-122499,本格中華料理 奉天,中華料理,あり,宇和島市,ラーメン｜担々麺,醤油｜塩,,辛い,
g-ChIJ4RhZZOiJRTURvkkXj2ef3kQ,友誼苑,中華料理,あり,宇和島市,中華そば｜ちゃんぽん,,,,はい
g-ChIJE6EHN8lhTzURtaXyaXtF31g,龍々亭,中華料理,あり,宇和島市,ラーメン｜ちゃんぽん,味噌,,,
g-ChIJMxMqzxxlTzURVcGxqWH-lL4,櫻花,中華料理,あり,鬼北町,ラーメン,,,,
g-ChIJ6-6kAovBTzURfX70xK_lY-o,久万の小さな中華屋さん たんたん,中華料理,不明,久万高原町,,,,,
g-ChIJqQBVqSo7UDUReFQPvPwCXvk,いこ食堂,中華料理,あり,今治市,ラーメン｜冷やし｜担々麺,醤油｜塩｜豚骨｜味噌,,,
osm-n4716843160,ぎやまん亭,中華料理,あり,今治市,ラーメン,豚骨,,,
osm-n8204027599,ごくうs,中華料理,あり,今治市,ラーメン,,,,
osm-w806278288,シルクロード,中華料理,あり,今治市,ラーメン,醤油,,,
g-ChIJwdPwW3YvUDURDCKR6GHGwjg,タオル美術館 新創作中国料理 王府井,中華料理,あり,今治市,ラーメン｜担々麺,,,,
osm-n8323931369,歌町,中華料理,あり,今治市,ラーメン｜中華そば,,,,
osm-w884615813,錦海楼,中華料理,あり,今治市,ラーメン,,,,
osm-w806387242,彩鳳,中華料理,あり,今治市,ラーメン,,,辛い,
osm-n8267499637,重松飯店,中華料理,あり,今治市,ラーメン,醤油,,,
osm-n8256307943,生香楼,中華料理,あり,今治市,ラーメン,,,,
osm-w636158091,大黒屋飯店,中華料理,あり,今治市,ラーメン,醤油,,あっさり,
g-ChIJJ2EgyUI6UDURQyRKx5yXeuY,中華居酒屋りん,中華料理,あり,今治市,,,,辛い,
rdb-151188,中華飯店 ごくう,中華料理,あり,今治市,ラーメン,,,,
rdb-124080,中華料理 長安,中華料理,あり,今治市,ラーメン｜担々麺,,,,
osm-n8314578551,中華料理 福龍,中華料理,あり,今治市,中華そば,,,,
rdb-131622,中華料理 梁山泊 共栄町店,中華料理,あり,今治市,ラーメン,,,,
rdb-161479,中華料理 潯陽,中華料理,あり,今治市,ラーメン,醤油,,,
g-ChIJ62EW04k7UDUR_fADOxrPfEU,中華料理福臨,中華料理,あり,今治市,ラーメン,,,,
g-ChIJAQDMBts7UDURnc6AQUYNoBI,中華料理龍鳳,中華料理,あり,今治市,ちゃんぽん｜担々麺,醤油｜塩｜味噌｜豚骨,,,
g-ChIJAQAArWA6UDURVRml955pvvE,中国料理 「龍宮」,中華料理,あり,今治市,ラーメン｜担々麺,,,,
rdb-100854,中国料理 白龍,中華料理,あり,今治市,ラーメン｜ちゃんぽん,,,,
osm-w806420430,長安,中華料理,あり,今治市,ラーメン｜担々麺,,,,
osm-w806314037,桃仙楼,中華料理,あり,今治市,ラーメン,,,,
g-ChIJ5WL0Jmg6UDURmxHlmHDeGOs,白雅 餃子,中華料理,あり,今治市,中華そば｜冷やし,,,,
osm-w806282867,白楽天,中華料理,あり,今治市,ラーメン,,,,
osm-n8315503581,白龍,中華料理,あり,今治市,ラーメン｜ちゃんぽん,,,,
g-ChIJaWzynn06UDURtSLzHc0VN10,美楽園,中華料理,あり,今治市,中華そば｜ちゃんぽん,,,,
osm-w806303052,武夷山,中華料理,あり,今治市,ラーメン,,,,
osm-n8292616460,福寿園,中華料理,あり,今治市,ラーメン,,,,
osm-w879605108,蓬莱閣,中華料理,あり,今治市,ラーメン｜ちゃんぽん,,,,
osm-w880914542,揚子江,中華料理,あり,今治市,ラーメン,,,,
g-ChIJf9LPu046UDUR2hD_QxMwoQo,梁山泊 本店,中華料理,あり,今治市,ラーメン,,,,
osm-w880153168,榕城,中華料理,あり,今治市,中華そば,,,,
osm-n8257953286,翔龍,中華料理,あり,今治市,ラーメン,,,,
g-ChIJH4J-mX86UDURBEI6eijDIZ8,聚香楼,中華料理,あり,今治市,ラーメン,,,,
g-ChIJUeWR50GUUTURCfDcScjCuBk,ぐるめ亭,中華料理,あり,四国中央市,ラーメン,味噌,,,
g-ChIJx5hKmE6RUTURjZYKCg3dUFU,パンダ,中華料理,あり,四国中央市,ラーメン,,,,
g-ChIJVX1giUCRUTUR_KIGR3w-3WU,延寿園,中華料理,あり,四国中央市,ラーメン,,,辛い,
g-ChIJXawqhnDAUTUR8Jl7FY_7-ZA,四川亭,中華料理,あり,四国中央市,中華そば,,,,
g-ChIJy5_GJD-VUTURptIt6RddHT4,中華飯店 誉 ほまれ,中華料理,あり,四国中央市,ラーメン｜担々麺,,,,
g-ChIJS8RYyFeRUTURlWKmnmqDRjs,中国菜館 成都,中華料理,あり,四国中央市,ラーメン｜担々麺,,,,
g-ChIJS-PdYnKUUTURcWONXUyMZP0,中国料理 柘,中華料理,あり,四国中央市,担々麺,胡麻,,辛い,
osm-w1168234816,味源,中華料理,あり,四国中央市,ラーメン,,,辛い,
g-ChIJt5d4SL7lTzURSOiXGayDGjg,いのうえ家,中華料理,あり,松山市,,醤油｜豚骨,,,
osm-w1498210928,チャイナハウス すけろく,中華料理,あり,松山市,ラーメン,豚骨,,,
g-ChIJ5Wh-brLlTzURLNgW-XzFix0,チャイナハウス すけろく 吉藤店,中華料理,あり,松山市,ラーメン,豚骨,,,
g-ChIJUSeDrwfmTzURZ03yKjDhw88,チャイナハウス すけろく 束本店,中華料理,あり,松山市,ラーメン,豚骨,,,
g-ChIJNz9it0_vTzURCmcFzNywWns,チャイナハウス すけろく 東石井店,中華料理,あり,松山市,ラーメン,豚骨,,,
osm-n2385960074,チャイナハウスすけろく 小栗店,中華料理,あり,松山市,ラーメン,豚骨,,,
g-ChIJ96fzoRbvTzURZ7oKFRjqh8Y,チャイナパンダ,中華料理,あり,松山市,ラーメン｜担々麺,醤油,,,
rdb-114518,チャイナ大岩 フジグラン松山店,中華料理,あり,松山市,ラーメン｜担々麺,醤油｜塩｜味噌｜野菜,,,
g-ChIJhYH9aADvTzURdZAigy_90KM,一番星,中華料理,あり,松山市,ラーメン｜担々麺,,,,
g-ChIJKUCQWmflTzURxvENa7jVIVw,華園,中華料理,あり,松山市,ラーメン,,,,
g-ChIJewxrn7roTzURPptT1tLgA18,楽仔,中華料理,あり,松山市,ラーメン,,,,
g-ChIJW9blg3TlTzURQ02RKzooqzY,雁飯店 久万ノ台店,中華料理,あり,松山市,ラーメン,,,辛い,
g-ChIJlwwMH5blTzURPDXO73Ogc2Q,雁飯店中国割烹 大岩 木屋町本店 Ganhanten Oiwa Kiya-cho,中華料理,あり,松山市,ラーメン,,,,
rdb-152574,元帥 平和通り店,中華料理,あり,松山市,ラーメン,醤油,,,
g-ChIJ7WUZGx_lTzUR9zPxDX4mKY4,古民家 中華居酒屋 中ちゃん,中華料理,あり,松山市,中華そば｜ちゃんぽん,,,,
g-ChIJgxnrJMXlTzURAZx1LhppCOc,菜温,中華料理,あり,松山市,担々麺,,,辛い,
g-ChIJv6ThnTniTzURk0W8mnPSBJM,三宝亭,中華料理,あり,松山市,ラーメン,塩,,辛い｜あっさり,
rdb-137984,四川料理 龍の子,中華料理,あり,松山市,担々麺｜油そば,胡麻,,,
osm-w1495311508,若水飯店,中華料理,あり,松山市,ラーメン｜ちゃんぽん,味噌,,,
g-ChIJ1SNC9hjmTzUR6pDBKdWrxHc,寿慶,中華料理,あり,松山市,ラーメン,,,,
g-ChIJm6z3j4vlTzURrWfHJCzmTBQ,赤坂四川飯店 松山店,中華料理,あり,松山市,担々麺,カレー,,,
g-ChIJg1_sAhriTzURF4toWrErlRc,仙楓,中華料理,あり,松山市,担々麺,,,あっさり,
g-ChIJZxsmTMPlTzURI-JYVI3Kt4E,太養軒,中華料理,あり,松山市,ラーメン,,,,はい
g-ChIJdbv_5fHlTzURDSDHGPOV7LY,台北,中華料理,あり,松山市,ラーメン,,,,
g-ChIJ1XnfOHPlTzURmugxSD3FAa0,中華バル ろたす,中華料理,あり,松山市,ラーメン｜担々麺,野菜｜鶏,,辛い,
g-ChIJLdL2SrXoTzURFSrUfzxURuE,中華バル茶縁,中華料理,あり,松山市,担々麺｜ラーメン,,,,
g-ChIJr5DPm6TlTzURzcAC9jDA26U,中華菜館 四川飯店,中華料理,あり,松山市,ラーメン,,,辛い,
rdb-120587,中華菜飯 愛華,中華料理,あり,松山市,ちゃんぽん,醤油｜豚骨,,,はい
osm-n12208660713,中華旬彩 西尾,中華料理,あり,松山市,ラーメン｜担々麺｜辛麺,胡麻,,辛い,
g-ChIJi5miqPcdUDURqJnsJxBD9ro,中華食堂＆バル 光楽,中華料理,あり,松山市,中華そば,,,,はい
g-ChIJtdWqwJblTzURv_kdw1WJtBk,中華台所 元帥,中華料理,あり,松山市,ラーメン,醤油,,,
g-ChIJZzvJg73lTzURDbFmvJTtm6s,中華飯店 鳳来,中華料理,あり,松山市,ラーメン,,,,
g-ChIJUai2pGLvTzURRxS0qVJMV5M,中国料理 胡桃,中華料理,あり,松山市,ラーメン｜担々麺,,,辛い,
g-ChIJzVFW4ZnvTzURLwDWBazhTsM,中国料理 香港,中華料理,あり,松山市,ラーメン｜ちゃんぽん,,,,
g-ChIJlQoFnMzpTzURSYPw4dKiTUo,中国料理 香港 来住店,中華料理,あり,松山市,ラーメン｜ちゃんぽん,,,,
g-ChIJq8IiTG7vTzUR785iN9gSYoU,中国料理 香港 和泉店,中華料理,あり,松山市,ラーメン｜ちゃんぽん,,,,
g-ChIJxdxtQQDlTzURnidQV2D1yHM,中国料理 四川之門,中華料理,あり,松山市,担々麺,胡麻,,,
g-ChIJmRNGZ-7lTzURWIkfePPCOls,中国料理 万寿,中華料理,あり,松山市,ラーメン,,,,
g-ChIJ43YxiAfmTzURwcII5sGJg-k,中国料理 龍花,中華料理,あり,松山市,ラーメン,,,,
g-ChIJQ217VezlTzURvee-VZlYVTs,中国料理「桃園」,中華料理,あり,松山市,ラーメン｜担々麺,塩,,,
g-ChIJ_5cKa1nlTzURl0BnNw0wYgs,長楽,中華料理,あり,松山市,ラーメン｜担々麺,,,辛い,
g-ChIJtZzxWmvvTzURQXX6QT3MP74,長城,中華料理,あり,松山市,ラーメン,味噌,,,
g-ChIJ5-KlnfTlTzURO7nq8MyPaPY,美食坊 ハルピン,中華料理,あり,松山市,ラーメン,,,,
g-ChIJOapX193oTzURxm1vXdTbwSM,豊来,中華料理,あり,松山市,ラーメン,,,,
osm-w1307422631,北京飯店,中華料理,あり,松山市,ラーメン,味噌,,,
rdb-108064,本場中華料理 長楽,中華料理,あり,松山市,ラーメン｜担々麺,,,辛い,
rdb-109161,万寿,中華料理,あり,松山市,ラーメン,,,,
g-ChIJq_6aoz3vTzURhJWGNx4sIO8,揚子江,中華料理,あり,松山市,担々麺｜ちゃんぽん,醤油｜味噌,,,
g-ChIJVVSLIJTlTzURBFduhAvsazo,眞心 SHIN-SHIN,中華料理,あり,松山市,ラーメン,,,,
osm-n10605774688,餃子 のぶ,中華料理,あり,松山市,中華そば｜つけ麺,鶏,,あっさり,
rdb-121960,餃子の王将 パルティ・フジ衣山店,中華料理,あり,松山市,ラーメン,,,,
rdb-121506,餃子の王将 松山南久米店,中華料理,あり,松山市,ラーメン,,,,
g-ChIJmUDi9BruTzURnJV006U5RPE,大阪王将 エミフルMASAKI店,中華料理,あり,松前町,ラーメン,,,,
g-ChIJiVctfxHPUTURmMmi1Qn6PgI,チャイナハウス すけろく 星原店,中華料理,あり,新居浜市,ラーメン,豚骨,,,
g-ChIJxTwZOMbOUTURTIRz0qZcgkU,京珉,中華料理,あり,新居浜市,冷やし,,,,
g-ChIJpaidkVjPUTUR-e2L3dPkCCE,錦楽源,中華料理,あり,新居浜市,ラーメン｜つけ麺,醤油｜塩,,辛い,
g-ChIJI7eVnpPOUTURJ4_NsK4t2B4,紅虎餃子房 イオンモール新居浜店,中華料理,あり,新居浜市,担々麺,,,,
g-ChIJDflt7PjOUTURDi4xa98nxy0,新創作四川料理 萬來,中華料理,あり,新居浜市,ラーメン｜担々麺,塩,,辛い,
g-ChIJy8ELu2nOUTURZOU0IMxXrOQ,台湾料理 福銘源,中華料理,あり,新居浜市,ラーメン,,,辛い,
osm-n10681345782,中華麺飯茶屋 佳,中華料理,あり,新居浜市,ラーメン｜担々麺,鶏,,白湯,
g-ChIJmW89odHOUTURYvEC8FoQ4Ng,中華料理 南国,中華料理,あり,新居浜市,ラーメン,,,,
g-ChIJbbujkdLIUTURiXHmtkzWT6s,中国四川酒房 東風,中華料理,あり,新居浜市,中華そば,,,,
g-ChIJoQhn_OvPUTURpHMth4sj4Uk,中国酒房 興慶,中華料理,あり,新居浜市,ラーメン｜担々麺,,,,はい
g-ChIJqUWkIZTOUTURTOqbeTdBqGU,中国料理 龍鳳,中華料理,あり,新居浜市,ラーメン,,,,
g-ChIJtWL9h18rUDUR3ZMsdL-KQdY,横濱飯店,中華料理,あり,西条市,ラーメン,醤油,,,
g-ChIJ-ehk38ouUDURvq-Y8siT6go,彩菜・中華ダイニング,中華料理,あり,西条市,ラーメン｜担々麺｜冷やし,,,辛い,
g-ChIJMzI74xAvUDURz2c252VolcA,上海軒,中華料理,あり,西条市,ラーメン,,,,
g-ChIJgcBJkLbSUTURPRJwUwp2zlU,台湾料理 昇龍,中華料理,あり,西条市,ラーメン,,,,
g-ChIJjfxmEXIvUDURE8l3S_4_ZOY,台湾料理桃園,中華料理,あり,西条市,担々麺｜ちゃんぽん,醤油｜塩｜味噌｜豚骨,,辛い,
g-ChIJ-UihH3DSUTUR524eZfSQ2n8,中華しん,中華料理,あり,西条市,ちゃんぽん,,,,
g-ChIJjdzvsI7TUTURkE4LGnOF420,中華淑々,中華料理,あり,西条市,ちゃんぽん｜担々麺｜中華そば,,,,
g-ChIJVVUFdVsuUDURFlFAdPvhH0Q,中華料理 蓬莱閣（河原津店）,中華料理,あり,西条市,ラーメン,,,,
g-ChIJD7BH98cpUDURWmISBDeGm2s,覇王樹,中華料理,あり,西条市,ラーメン,醤油,,辛い｜にんにく｜清湯,
osm-w1451130602,蓬莱閣,中華料理,あり,西条市,ラーメン,,,,
g-ChIJoWjc4pwuUDUR49ox_Ho3SOo,蓬莱閣 東予店,中華料理,あり,西条市,ラーメン,,,,
g-ChIJq4WiQuZ1TzURGUM7zFw67eQ,食酔坊・宝,中華料理,あり,西予市,ちゃんぽん,醤油｜味噌,,,
osm-n12269045004,中華料理 幸楽,中華料理,あり,西予市,ラーメン｜ちゃんぽん｜担々麺,野菜｜醤油｜味噌｜胡麻,,,
g-ChIJVVVVVcSHRTURs00GNuYa0kM,中国料理 舞華,中華料理,あり,西予市,ラーメン｜担々麺,,,,
g-ChIJaSX2rTKBTzURZHmmLB_x1vE,MAY’S KITCHEN,中華料理,あり,大洲市,ラーメン,,,,
g-ChIJh5tFnPyCTzUR04inkh6JcH4,食べ処呑み処 味人-AJITO-,中華料理,あり,大洲市,ラーメン｜ちゃんぽん,味噌,,,
g-ChIJ22k9W8WBTzURnLK7MvmX7fs,台湾料理 味源,中華料理,あり,大洲市,ラーメン｜担々麺,,,辛い,
g-ChIJK39Wir-ATzURqWB6CIkXA_I,大阪王将 大洲インター店,中華料理,あり,大洲市,ラーメン,醤油｜味噌｜豚骨,,,
g-ChIJNUp68NN_RTURJf9o2TWW0o0,中国菜館 蓮花,中華料理,あり,大洲市,中華そば｜ちゃんぽん,,,あっさり,
g-ChIJmQmqleCATzURmCvJRPcNJDc,東明閣,中華料理,あり,大洲市,ちゃんぽん｜中華そば,,,,
g-ChIJoSFKhEjdTzURmAaPA6C4uoQ,中華 老香港菜館,中華料理,あり,東温市,ラーメン｜冷やし,,,,
g-ChIJ5WJMLZXpTzUR4j9EU9raUMc,中華料理 髙爛,中華料理,あり,東温市,中華そば,,,,はい
g-ChIJWYObQLGFTzURH9gkfX8gZxE,中華料理 かば忠,中華料理,あり,内子町,ちゃんぽん,,,,
g-ChIJgVOhPIGERTURxWUzqRBrgUU,もつ鍋ダイニング居食屋 月天(炭火焼鳥と自家製麺の店),中華料理,あり,八幡浜市,,,,,
g-ChIJs8lSivKDRTUR8uTRR8-2rXg,台湾料理 味源,中華料理,あり,八幡浜市,ラーメン,,,辛い,
g-ChIJX_tmSXpWTzURikknzilGJyQ,みかど食堂,食堂・定食,あり,愛南町,ちゃんぽん,,,,
osm-n9718648379,愛南市場食堂,食堂・定食,あり,愛南町,ラーメン,醤油,,,はい
osm-n12709583673,しらす食堂,食堂・定食,あり,伊方町,ラーメン,塩｜魚介,,あっさり,はい
g-ChIJQfoBJpGcRTURZu0oBZANwuI,マルマ食堂,食堂・定食,あり,伊方町,ちゃんぽん,鶏,,あっさり,
rdb-173558,森店（もりみせ）,食堂・定食,あり,伊予市,中華そば,,,あっさり,
g-ChIJ8TeYfuL5RTUR7Wn8X4haV7A,西ドライブイン,食堂・定食,あり,宇和島市,ラーメン｜ちゃんぽん,,,,はい
g-ChIJ8Q-sRQCJRTURbl9WZJsOxPo,大学食堂,食堂・定食,あり,宇和島市,ちゃんぽん,,,,
g-ChIJLawB_eZwTzURl66RfDthTWw,アカネ食堂,食堂・定食,不明,鬼北町,,,,,
g-ChIJN6slk1fATzURP8nFdqBu0dA,きらら食堂,食堂・定食,あり,久万高原町,ラーメン,,,辛い,
osm-n12161936305,久万山食堂,食堂・定食,あり,久万高原町,中華そば｜担々麺｜ラーメン,,,,
g-ChIJZzHonX05UDURfKYoRGp71ps,あかさき食堂,食堂・定食,あり,今治市,ラーメン,醤油｜煮干し｜鶏｜魚介,,,
g-ChIJKxMPNWY6UDURY2D2NqHslwk,おざき食堂,食堂・定食,あり,今治市,中華そば,,,あっさり,
rdb-154705,お食事処 川志,食堂・定食,あり,今治市,ラーメン,,,,
osm-n8236301077,かねと食堂,食堂・定食,あり,今治市,中華そば,カレー,,,
osm-n8292222174,ときわ食堂,食堂・定食,あり,今治市,ラーメン,,,,
osm-n8288823645,にじいろ食堂,食堂・定食,あり,今治市,ラーメン｜冷やし,,,,
rdb-26587,マリンオアシス はかた,食堂・定食,あり,今治市,ラーメン,塩,,,
osm-n8236246319,公園堂食堂,食堂・定食,あり,今治市,中華そば,魚介,,あっさり,
osm-n8252656518,麺食堂 とまと,食堂・定食,あり,今治市,ラーメン,,,,
osm-n8254952344,檜垣食堂,食堂・定食,あり,今治市,ラーメン,,,,
g-ChIJzwN8iUGUUTURC4CGPlMKgA4,いせき食堂,食堂・定食,あり,四国中央市,中華そば,煮干し,自家製麺,,
rdb-155257,いりの亭 入野パーキングエリア上り店,食堂・定食,あり,四国中央市,ラーメン,,,にんにく,
g-ChIJG5n5_WmUUTURKbQdJA2oiWw,マルキン食堂,食堂・定食,あり,四国中央市,ラーメン,,,,
g-ChIJa8fLaluUUTURsb2SgDrx64A,もりみ食堂,食堂・定食,あり,四国中央市,中華そば,,,,
g-ChIJVVVR7mmRUTURJpOj0YTGscQ,住吉食堂,食堂・定食,あり,四国中央市,中華そば,,,あっさり,
g-ChIJuafPuevAUTURIG87sWjU-Mw,秦食堂,食堂・定食,あり,四国中央市,中華そば,鶏,,,
g-ChIJVVWQzevAUTURqkpFcun4yqo,大衆食堂しのはら,食堂・定食,あり,四国中央市,中華そば,,,,
rdb-156926,馬立パーキングエリア 上り,食堂・定食,あり,四国中央市,ラーメン,醤油｜豚骨,,,
rdb-99417,Chef's kitchen (松山空港),食堂・定食,あり,松山市,ラーメン｜ちゃんぽん,塩｜鯛・鮮魚,,,
g-ChIJp3LeIxLvTzURVTQ958FJJt0,JAえひめ中央 おひさま食堂,食堂・定食,あり,松山市,中華そば,,,辛い,
rdb-150777,お食事処 瀬戸,食堂・定食,あり,松山市,中華そば,,,,はい
osm-n2306396513,さくら食堂,食堂・定食,あり,松山市,ラーメン,塩｜魚介,,,
g-ChIJQ1tqr2bvTzURUTNmR-NcfEI,なにわや食堂,食堂・定食,あり,松山市,中華そば,鶏,,,
g-ChIJyd9xaM76TzURc8dq1ZFlgC4,みなとや食堂,食堂・定食,あり,松山市,中華そば,,,,
osm-w525065622,みなと食堂,食堂・定食,あり,松山市,中華そば,,,,
g-ChIJgYHoJPLlTzURqUsmzgJ5YYg,一力食堂,食堂・定食,あり,松山市,中華そば,鶏,,,
g-ChIJOUaa4ovlTzURlvsPBvEEyrE,紀の国屋食堂,食堂・定食,あり,松山市,ちゃんぽん,,,,
g-ChIJtQsnt9vvTzURfwZHGTYToY8,市場食堂 ゑびす丸,食堂・定食,あり,松山市,ラーメン,塩｜鯛・鮮魚,細麺,あっさり｜濃厚,
osm-n2385772454,食堂はなみずきごはんや,食堂・定食,あり,松山市,中華そば,醤油,,,はい
g-ChIJ8UMeCgDnTzURxoHN-otNLCA,大衆食堂スタンドそのだ 松山たかのこ店,食堂・定食,あり,松山市,中華そば,醤油｜魚介,,,
g-ChIJI7ts9lzlTzUR66LUMRNhFZs,日の出食堂,食堂・定食,あり,松山市,中華そば,煮干し｜醤油,,,
g-ChIJ3Toeas3oTzURk3kzjVSgrfQ,平野屋食堂,食堂・定食,あり,松山市,ラーメン｜ちゃんぽん,,,,
g-ChIJPUKXWYTvTzURmKVaR2pQMOY,坊っちゃん食堂 三冠王,食堂・定食,あり,松山市,中華そば,醤油,,,
g-ChIJr87wYADvTzURH12wvotlTJY,村一番食堂,食堂・定食,あり,松前町,中華そば,,,,
g-ChIJMclU5n9vTzUR_-LJM_9uzXM,食堂BAR！！濱匠,食堂・定食,あり,松野町,ラーメン,,,,
g-ChIJvRQ1m9nPUTURO9UlwK3BCSA,お登り食堂,食堂・定食,あり,新居浜市,ラーメン｜ちゃんぽん,醤油｜塩,,,
g-ChIJ4ZHe-9rOUTURcuv2pYo0ct8,新居浜市役所地下食堂浜食,食堂・定食,あり,新居浜市,中華そば,,,,はい
osm-w1272055841,新居浜昭和通り食堂,食堂・定食,あり,新居浜市,中華そば,醤油,,,はい
g-ChIJ2SGG_6jPUTURJAgMuKDgcOg,西蓮寺食堂,食堂・定食,あり,新居浜市,ラーメン,煮干し,,,
osm-n5266225899,多賀屋食堂,食堂・定食,あり,新居浜市,中華そば,,,,
g-ChIJcwfPKi3JUTURUeDejrGb7vQ,多賀屋食堂 菊本支店,食堂・定食,あり,新居浜市,中華そば,,,,
osm-n2201048594,麺や吉村 磯浦店,食堂・定食,あり,新居浜市,,,,,
g-ChIJkYJ7MczOUTURBARA36NuIcI,麺や吉村 港町本店,食堂・定食,あり,新居浜市,,,,,
g-ChIJia3X2ZAuUDURUAlPzoAtmUo,かどや食堂,食堂・定食,あり,西条市,中華そば｜冷やし,豚骨｜醤油｜煮干し,,背脂,
g-ChIJsUw0WADTUTURiFNaiNO_C_Y,沖縄そばの店 さんぴん食堂,食堂・定食,あり,西条市,,,,,
g-ChIJn9WJAwArUDURXtjV_HRiANw,石鎚食堂｜石鎚山SA下り,食堂・定食,あり,西条市,ラーメン,鯛・鮮魚｜塩｜柑橘,,,はい
g-ChIJqUp3ks_SUTUR92LvPDILRdA,双葉食堂,食堂・定食,あり,西条市,中華そば,,,,
g-ChIJV0LqgQUpUDURorvk7UMFzHQ,福美食堂,食堂・定食,あり,西条市,中華そば｜ラーメン,,,,
g-ChIJn2AsWpCPRTURcaiuiSWYfBg,いさか食堂,食堂・定食,あり,西予市,ちゃんぽん,,,,
g-ChIJv8j_cyh1TzURzq4m8nwmQRE,テルメ食堂,食堂・定食,あり,西予市,担々麺｜冷やし,,,,はい
g-ChIJy6ENvFx5TzURSOKK7dR5l0U,ときわ食堂,食堂・定食,あり,西予市,ちゃんぽん,,,,はい
g-ChIJr0yDymKHRTURVKxoJf2QJiI,やすい食堂,食堂・定食,あり,西予市,ちゃんぽん,,,,はい
g-ChIJMX2ZE3B8RTURvlmtaQKlraI,さのや食堂,食堂・定食,あり,大洲市,中華そば,,,,
g-ChIJ5Zfqa4GATzURY9_MdEG_HLI,わか宮食堂,食堂・定食,あり,大洲市,中華そば,醤油｜野菜,,,
g-ChIJwwTGhTJ5RTUROTCdQbyjYu8,山食堂,食堂・定食,あり,大洲市,ラーメン,,細麺,あっさり,
g-ChIJYY7-UcGATzURFwVGJ1lVYHg,十夜ヶ橋食堂,食堂・定食,あり,大洲市,中華そば,醤油｜野菜,太麺,,
g-ChIJd1kl4OCATzUR-1X2rI7cYHU,神山食堂,食堂・定食,あり,大洲市,中華そば,,,,
g-ChIJXaMLhv3rTzURqnQaBLDsxo4,ちとせ食堂,食堂・定食,あり,砥部町,中華そば,鶏｜野菜,,,
g-ChIJNbFy18KWTzUR2tXi_TP-CIA,小番食堂,食堂・定食,あり,内子町,中華そば,,,,はい
g-ChIJSczdGX2XTzURXt01_U0ALLI,日切食堂,食堂・定食,あり,内子町,中華そば,,,,
osm-n7023076989,どーや食堂,食堂・定食,あり,八幡浜市,ちゃんぽん｜ラーメン,,,,
rdb-63916,フジ観光,食堂・定食,あり,八幡浜市,ちゃんぽん,鶏｜魚介,,,
g-ChIJk_JcmpyERTUR3SBjX2T5tho,メリー食堂,食堂・定食,あり,八幡浜市,ちゃんぽん,,,,
g-ChIJ4729HtuDRTURIs-lmiiQb-8,わくわく食堂,食堂・定食,あり,八幡浜市,ちゃんぽん,,,,
rdb-22192,丸山ちゃんぽん,食堂・定食,あり,八幡浜市,ちゃんぽん,醤油｜魚介,,,
osm-n7023064536,三和食堂,食堂・定食,あり,八幡浜市,,,,,
g-ChIJZWja2EWDRTURALRu--eaB7I,食堂ごりらくん,食堂・定食,あり,八幡浜市,ちゃんぽん,,,,
osm-n7023308270,清家食堂,食堂・定食,あり,八幡浜市,ちゃんぽん,,,,
g-ChIJK1wIgkCDRTURUbTkhr4YvIk,白石食堂,食堂・定食,あり,八幡浜市,ちゃんぽん,鶏,,,
osm-w612765302,ラーメンショップKANTO 双海店,チェーン,専門,伊予市,ラーメン,醤油｜豚骨,,背脂,
g-ChIJPQ2rRr3yTzURscufie5jp14,豚太郎 伊予店,チェーン,専門,伊予市,ラーメン,味噌｜塩｜醤油｜カレー,,,
g-ChIJC0TUAq3BTzUR2XDPdknKJEw,豚太郎 久万店,チェーン,専門,久万高原町,ラーメン,味噌｜塩｜醤油｜カレー,,,
osm-n13189759750,ラーメンショップ KANTOチェーン西四国本部,チェーン,専門,今治市,ラーメン,醤油｜豚骨,,背脂,
osm-n11527404085,ラーメンショップ KANTOチェーン野間店,チェーン,専門,今治市,ラーメン,醤油｜豚骨,,背脂,
osm-n8252622178,ラーメンショップ 市場店,チェーン,専門,今治市,ラーメン,醤油｜豚骨,,背脂,
osm-w806362857,りょう花 今治店,チェーン,専門,今治市,ラーメン｜つけ麺｜油そば,塩｜節｜味噌｜煮干し｜魚介｜鶏｜柑橘,,,
osm-n11422947210,丸源ラーメン今治店,チェーン,専門,今治市,ラーメン,醤油,,,
osm-w806293311,豚太郎 今治店,チェーン,専門,今治市,ラーメン,味噌｜塩｜醤油｜カレー,,,
osm-w1434979129,ラーメンショップ 三島店,チェーン,専門,四国中央市,ラーメン,醤油｜豚骨,,背脂,
g-ChIJ12E-dmiUUTURjh_zpTPd6wQ,りょう花 伊予三島店,チェーン,専門,四国中央市,ラーメン｜つけ麺｜油そば,塩｜節｜味噌｜煮干し｜魚介｜鶏｜柑橘,,,
g-ChIJ-VI7RECUUTURgUGPn73MN34,熱烈タンタン麺一番亭 伊予三島店,チェーン,専門,四国中央市,担々麺,,,,
osm-n13189759734,ラーメンショップ フライブルク店,チェーン,専門,松山市,ラーメン,醤油｜豚骨,,背脂,
osm-w305044128,ラーメンショップ 銀天街店,チェーン,専門,松山市,ラーメン,醤油｜豚骨,,背脂,
g-ChIJ8bgwlQnmTzURcOuwb8DKgOI,らーめん工房 りょう花 束本店,チェーン,専門,松山市,ラーメン｜つけ麺｜油そば,塩｜節｜味噌｜煮干し｜魚介｜鶏｜柑橘,,,
osm-n2308403680,りょう花 フライブルク店,チェーン,専門,松山市,ラーメン｜つけ麺｜油そば,塩｜節｜味噌｜煮干し｜魚介｜鶏｜柑橘,,,
g-ChIJz5F-eFfvTzURHNfPjHNmPBQ,リンガーハット イオン松山店,チェーン,あり,松山市,ちゃんぽん,,,,
g-ChIJ51whzYTlTzURI83Q3QvjuWQ,リンガーハット フジグラン松山店,チェーン,あり,松山市,ちゃんぽん,,,,
rdb-26036,丸源ラーメン 松山中央通り店,チェーン,専門,松山市,ラーメン,醤油,,,
osm-w464219416,丸源ラーメン松山インター店,チェーン,専門,松山市,ラーメン,醤油,,,
osm-n6363720469,豚太郎 久米店,チェーン,専門,松山市,ラーメン,味噌｜塩｜醤油｜カレー,,,
rdb-99854,豚太郎 松山駅前通り店,チェーン,専門,松山市,ラーメン,味噌｜塩｜醤油｜カレー,,,
osm-n5907316483,豚太郎北条店,チェーン,専門,松山市,ラーメン,味噌｜塩｜醤油,,,
osm-w1434978177,ラーメンショップ R56店,チェーン,専門,松前町,ラーメン,醤油｜豚骨,,背脂,
osm-n2386739845,らーめん工房りょう花松前店,チェーン,専門,松前町,ラーメン｜つけ麺｜油そば,塩｜節｜味噌｜煮干し｜魚介｜鶏｜柑橘,,,
osm-n12848296788,リンガーハット,チェーン,あり,松前町,ちゃんぽん,,,,
g-ChIJmUDi9BruTzURcBPzUOVaFeo,リンガーハット エミフルMASAKI店,チェーン,あり,松前町,ちゃんぽん,,,,
osm-n2386756946,豚太郎松前店,チェーン,専門,松前町,ラーメン,味噌｜塩｜醤油｜カレー,,,
osm-w1442586905,りょう花 新居浜店,チェーン,専門,新居浜市,ラーメン｜つけ麺｜油そば,塩｜節｜味噌｜煮干し｜魚介｜鶏｜柑橘,,,
osm-w1272396756,丸源ラーメン,チェーン,専門,新居浜市,ラーメン,醤油,,,
osm-n2182962658,豚太郎 新居浜店,チェーン,専門,新居浜市,ラーメン,味噌｜塩｜醤油｜カレー,,,
rdb-63851,ラーメンショップ 小松店,チェーン,専門,西条市,ラーメン,豚骨｜醤油,,背脂,
osm-w1434979128,ラーメンショップ 西条東店,チェーン,専門,西条市,ラーメン,醤油｜豚骨,,背脂,
osm-w1434979127,ラーメンショップ 東予店,チェーン,専門,西条市,ラーメン,醤油｜豚骨,,背脂,
g-ChIJ07HvhCQoUDURTMSCipOEioM,豚太郎 丹原店,チェーン,専門,西条市,ラーメン,味噌｜塩｜醤油｜カレー,,,
g-ChIJY8eLGCgvUDUR03Q0tdmv9TU,豚太郎 東予店,チェーン,専門,西条市,ラーメン,味噌｜塩｜醤油,,,
osm-w607355673,ラーメンショップKANTO大洲店,チェーン,専門,大洲市,ラーメン,醤油｜豚骨,,背脂,
g-ChIJJaPOapWATzURhYZxKWtjPJ8,りょう花 大洲店,チェーン,専門,大洲市,ラーメン｜つけ麺｜油そば,塩｜節｜味噌｜煮干し｜魚介｜鶏｜柑橘,,,
g-ChIJYz49njKARTURWyjDNyEz_SY,豚太郎 平野店,チェーン,専門,大洲市,ラーメン,味噌｜塩｜醤油｜カレー,,,
g-ChIJbccUuuR_RTURw4Fu5SVIZDE,熱烈タンタン麺一番亭 大洲店,チェーン,専門,大洲市,担々麺｜ラーメン,胡麻｜鶏｜味噌｜豚骨,細麺｜中太麺,濃厚｜辛い,
osm-n4593625390,豚太郎砥部店,チェーン,専門,砥部町,ラーメン,味噌｜塩｜醤油,,,
osm-w1434979125,ラーメンショップ 11号バイパス店,チェーン,専門,東温市,ラーメン,醤油｜豚骨,,背脂,
osm-w1434979126,ラーメンショップ 川内店,チェーン,専門,東温市,ラーメン,醤油｜豚骨,,背脂,
g-ChIJ46MnjPnnTzURSAzwOBZPk6o,りょう花重信店,チェーン,専門,東温市,ラーメン｜つけ麺｜油そば,塩｜節｜味噌｜煮干し｜魚介｜鶏｜柑橘,,,
g-ChIJp8SRbHroTzURRUEMntgTn1w,リンガーハット フジグラン重信店,チェーン,あり,東温市,,,,,
g-ChIJLwXTz4KERTUR9EUKA1Nye1E,ちゃんぽん亭 イーグル,チェーン,あり,八幡浜市,,,,,
g-ChIJFZK6QJf5RTURgYxur-9QLZ8,【公式】ゆらり内海,その他の飲食店,あり,愛南町,,塩｜魚介,,あっさり,
g-ChIJbeaj0-FVTzURcZ6brdfWacY,遊厨,その他の飲食店,あり,愛南町,,,,,
g-ChIJW973u4OXRTURBIAkKRKJP8Q,いりふね,その他の飲食店,あり,伊方町,ちゃんぽん,,,,
g-ChIJ0VbTJWebRTURrPyEAJAEIYM,ひろせ,その他の飲食店,あり,伊方町,ちゃんぽん,,,,はい
g-ChIJuR3Sd_O4RTURxQpmh23uRYI,まりーな亭,その他の飲食店,あり,伊方町,ちゃんぽん,,,,はい
g-ChIJYXJ87pKXRTURa9zQRZ_67Ic,れすとらん風車,その他の飲食店,あり,伊方町,ちゃんぽん,鯛・鮮魚,,,はい
g-ChIJt34g1nDyTzURGpEVv7Zhl-4,ＨＩＫＡＲＩ,その他の飲食店,あり,伊予市,ラーメン｜ちゃんぽん,豚骨｜醤油,細麺,,
g-ChIJF_s3PgDzTzURqkzV87VYh2A,Jふらんく 伊予店,その他の飲食店,あり,伊予市,ラーメン,,,,はい
g-ChIJVSNyTH_zTzURDwHbtPl_D_w,ごはん屋いづし,その他の飲食店,あり,伊予市,ラーメン,,,,
g-ChIJVVVlwo_uTzURdGE2LE94OsY,フードコート｜伊予灘SA下り,その他の飲食店,あり,伊予市,中華そば,醤油｜魚介,,あっさり,
g-ChIJ0c56loXuTzURTTBkFc2vqFI,フードコート｜伊予灘SA上り,その他の飲食店,あり,伊予市,中華そば,醤油｜魚介,,あっさり,
g-ChIJBSok_obyTzURI9SvHgPs0mU,味芳,その他の飲食店,あり,伊予市,ラーメン,,,,はい
g-ChIJhXdsS3HyTzURaEHeDWqWO6c,濱田屋,その他の飲食店,あり,伊予市,中華そば,,,あっさり,
g-ChIJLSU3D1eNTzURw3ZVcGdboi0,珈食亭,その他の飲食店,あり,伊予市,,,,,
g-ChIJByPlEcRhTzURGasu_tscb7M,かどや,その他の飲食店,あり,宇和島市,ラーメン,,,,
g-ChIJqVsIs8dhTzURk8uxqqqaPmg,こたん,その他の飲食店,あり,宇和島市,,,,,
g-ChIJVQyyD81hTzURVNkYBHCDF3w,ぼん平,その他の飲食店,あり,宇和島市,ラーメン,,,,
g-ChIJpSMrezNgTzUREgF-6IXmxKo,ようき家,その他の飲食店,あり,宇和島市,ラーメン｜ちゃんぽん,醤油,,,はい
g-ChIJmWiu5dr1RTURdpEw4x26VCw,下北プリン,その他の飲食店,あり,宇和島市,ラーメン｜ちゃんぽん,,,,はい
g-ChIJ0fueJdNhTzURu6yU_xuMgLA,郷土料理 食のひろば,その他の飲食店,あり,宇和島市,ちゃんぽん｜ラーメン,鯛・鮮魚｜塩｜醤油,,あっさり,
g-ChIJRykYV3z1RTUR7ePb7QBA4Lk,山男,その他の飲食店,あり,宇和島市,ラーメン,豚骨｜醤油｜味噌,,,
g-ChIJbz1we3f2RTURNsW9oKOX9MA,鶴亀,その他の飲食店,あり,宇和島市,ラーメン,,,,
g-ChIJuYVab8xhTzURWHLm-Hqu8WI,味丸,その他の飲食店,あり,宇和島市,ちゃんぽん,醤油,細麺,,
g-ChIJeW4d77X3RTURX41caZvVXdI,和み茶屋,その他の飲食店,あり,宇和島市,ラーメン,,,,
g-ChIJWYCuCDp0TzURZpr9x7-xsJI,かつやま,その他の飲食店,あり,鬼北町,ラーメン｜ちゃんぽん,醤油｜味噌,,,はい
g-ChIJYR905HxwTzUREoE5M33r7Z0,憩ふ食空間 風,その他の飲食店,あり,鬼北町,ラーメン｜ちゃんぽん,,,,はい
g-ChIJM0nIURK4TzURGb_Fw5FDr6o,うまいもん屋 土居,その他の飲食店,あり,久万高原町,ラーメン,醤油｜味噌,,あっさり｜辛い,
g-ChIJQQ61iVbATzURTyRlcRcv-bc,ちぐさ,その他の飲食店,あり,久万高原町,,,,,
g-ChIJMVV8ALrFTzUR05a__uSfqvs,喜楽里,その他の飲食店,あり,久万高原町,中華そば｜ラーメン｜まぜそば｜つけ麺,,,辛い,
g-ChIJo2tDrWLPTzURWQTFlzlxap8,面河ふるさと市場,その他の飲食店,あり,久万高原町,ラーメン,醤油,,,はい
g-ChIJX69e5mc6UDURkIgCO9w1TPk,こきんや,その他の飲食店,あり,今治市,,,,,
g-ChIJtwUOBSA7UDURWgfABs3-5NU,やま勝,その他の飲食店,あり,今治市,ラーメン,,,,
g-ChIJv26cgto6UDUR9F4gKXiPn18,わらや,その他の飲食店,あり,今治市,ラーメン,,,,
g-ChIJxasJDgA7UDUR1mVeLza247w,丸起,その他の飲食店,あり,今治市,,,,,
g-ChIJNfXvYwA7UDUR3gQK1JKw_PA,来島海峡SA フードコート,その他の飲食店,あり,今治市,,,,,
g-ChIJr65_RxGVUTURhe-UOBcZ_1I,とりや,その他の飲食店,あり,四国中央市,ラーメン,,,,はい
g-ChIJ8wESrzeRUTURvNt2YGmwYBE,ひさご屋,その他の飲食店,あり,四国中央市,ラーメン,,,,
g-ChIJYT1KdTyRUTURd1uwMbXiB38,ミサオ商店,その他の飲食店,あり,四国中央市,,,,,
g-ChIJu-wNKkGRUTURwTSNdBM1aS4,伊予万里,その他の飲食店,あり,四国中央市,中華そば,鶏,,,
g-ChIJU2st0mmUUTURWW96xE2HPAc,吟醸倶楽部,その他の飲食店,あり,四国中央市,中華そば,,,,
g-ChIJLyxq6miTUTUROH6_w08o0H4,炭火・釜飯 銀六屋,その他の飲食店,あり,四国中央市,ラーメン｜中華そば,醤油｜味噌,,,
g-ChIJfzT_DQCVUTURNK12vAv8kcY,揚足鳥 いちよし,その他の飲食店,あり,四国中央市,中華そば,,,,
g-ChIJzVxgQVCRUTURYGmAZigZEbw,料亭 即今,その他の飲食店,あり,四国中央市,ラーメン,,,,
g-ChIJjS5yYbDvTzURAt1jjDLP4-s,YAKITORI kitchen 彩,その他の飲食店,あり,松山市,ラーメン｜つけ麺｜辛麺,鶏｜魚介,,辛い,
g-ChIJn5CqXE7vTzURctavJPixj9E,おらんだ館,その他の飲食店,あり,松山市,ラーメン,,,,
g-ChIJg-g9crblTzUR7NNNw6mL-Eg,かど八,その他の飲食店,あり,松山市,中華そば,,,,
g-ChIJ1Z3pYIDgTzURJHcATMKNuxg,丸味,その他の飲食店,あり,松山市,ラーメン,,,,
g-ChIJaz1TVyruTzURS4ozf2z58dE,国重,その他の飲食店,あり,松山市,ラーメン,,,,
g-ChIJjxYPs_XuTzURWz2sY9Bs7c8,あっぱれ亭,その他の飲食店,あり,松前町,ラーメン,,,,
g-ChIJ-08h_TfuTzURSsnBqehGzZ8,ていきびん,その他の飲食店,あり,松前町,ラーメン｜中華そば,醤油｜塩,,,
g-ChIJKRADP0juTzURxVDVg3v_kDM,ひまわり,その他の飲食店,あり,松前町,,,,,
g-ChIJP4mbJgDPUTURviHUwMKIp0E,こばら屋台,その他の飲食店,あり,新居浜市,ラーメン,醤油,,,
g-ChIJwSt7KszOUTURloQMURbyR9w,ハイジ,その他の飲食店,あり,新居浜市,中華そば,,,あっさり,
g-ChIJm4gIi8XOUTUR8G7l0ZLf3_0,ひらく,その他の飲食店,あり,新居浜市,ラーメン,,,,
g-ChIJsxhEZgXPUTURDD37lmUcX6E,一福 新居浜店,その他の飲食店,あり,新居浜市,ラーメン,,,,
g-ChIJV_uUOHzPUTUR7Ra50DlGqzM,韓丼 新居浜店,その他の飲食店,あり,新居浜市,ラーメン,,,,
g-ChIJhd8-Cs_OUTURoOJtiu65P1w,福ちゃん,その他の飲食店,あり,新居浜市,ラーメン,,,,
g-ChIJFbvFKhrTUTURbPzS2zEMBig,あかのれん,その他の飲食店,あり,西条市,ラーメン,,,,
g-ChIJz8xAsILSUTUR9baxkODGzf4,ごはんどき 西条店,その他の飲食店,あり,西条市,,,,,
g-ChIJP4a0p8HSUTURnc9jeggVxDc,はしもと,その他の飲食店,あり,西条市,ラーメン,,,,
g-ChIJhzmwNcgsUDURVufEFZnIv9Y,ふじ,その他の飲食店,あり,西条市,中華そば｜ラーメン,味噌,,,
g-ChIJwaSW1-coUDURY2QlzNiVbKQ,みつぼし醤油,その他の飲食店,あり,西条市,ラーメン,醤油,太麺,辛い,
g-ChIJ580YFJstUDURUdYw5JiH16M,みなたけ,その他の飲食店,あり,西条市,,,,,
g-ChIJMS_v2MksUDURSiXiGJlaThI,竹ばやし,その他の飲食店,あり,西条市,ラーメン,,,,はい
g-ChIJKwNUJADTUTURQB7mni-BNGM,道10,その他の飲食店,あり,西条市,ラーメン,,,,
g-ChIJWffhWI6HRTURzab550uu7lk,ARISU,その他の飲食店,あり,西予市,ちゃんぽん,,,,はい
g-ChIJU-jjjjV2TzURE-LF8Ccq0ys,コスモス,その他の飲食店,あり,西予市,ちゃんぽん,,,,
g-ChIJmUH_85aHRTUR0BTn6TTq69Q,たちばな,その他の飲食店,あり,西予市,ちゃんぽん,魚介,,,
g-ChIJiwB8WgCPRTURdpbh1ZMwFiE,にの味屋,その他の飲食店,あり,西予市,ラーメン,塩｜味噌,,,
g-ChIJ-7iCCzmHRTURDHqAI1FcCOo,みのり,その他の飲食店,あり,西予市,ちゃんぽん,,,,
g-ChIJ7zRaelqGRTURUC50DV1kgQY,ゆうぼく牧場直営レストラン / ゆうぼく民,その他の飲食店,あり,西予市,ラーメン,,,,はい
g-ChIJcTKZgDV2TzUR68DU8zzyld8,レストラン 停満里,その他の飲食店,あり,西予市,ラーメン,,,,
g-ChIJqa9E4EmHRTURLDXVDqMm07Q,粋,その他の飲食店,あり,西予市,ラーメン,,,,
g-ChIJ9c-3nHWHRTURV3KdnVJbYvg,東洋軒 宇和店,その他の飲食店,あり,西予市,ちゃんぽん,,,,
g-ChIJsawc6sSHRTURZi-b8lWc4zI,豊源 西予店,その他の飲食店,あり,西予市,ラーメン,,,,
g-ChIJB1xOAEmGRTURzYQGRdTcaFQ,野福,その他の飲食店,あり,西予市,ちゃんぽん,,,,
g-ChIJ8fJHP3t8RTUR5hgZ37NXhzw,あさちゃん,その他の飲食店,あり,大洲市,ちゃんぽん,,,,
g-ChIJjz4juI2ATzUR-dS4F65rbTQ,シャトル,その他の飲食店,あり,大洲市,ちゃんぽん,,,,
g-ChIJOcyey9x_RTURrtzD4WcNJdo,つぼね,その他の飲食店,あり,大洲市,ラーメン,醤油｜豚骨,,,はい
g-ChIJs50038CATzURc-vqlga9y0o,めん六や 愛媛大洲店,その他の飲食店,あり,大洲市,,,,,
g-ChIJc6qCeNx_RTURpZXiWndEioY,ルーム千秋,その他の飲食店,あり,大洲市,ラーメン,,,,はい
g-ChIJHbNnv9h_RTURj9DN6HYzN54,臥龍茶屋,その他の飲食店,あり,大洲市,ラーメン,,,,
g-ChIJf1IRzB19RTURrmxLEL5-DSY,泉屋,その他の飲食店,あり,大洲市,中華そば｜ラーメン｜冷やし,味噌,,辛い,
g-ChIJjY8jXNl_RTURhiY2z6hQALA,大洲炉端 油屋,その他の飲食店,あり,大洲市,油そば｜ちゃんぽん,,,,
g-ChIJQV6cfmR_RTURlIBi2ro5QX0,分油屋,その他の飲食店,あり,大洲市,ラーメン,,,,はい
g-ChIJIRdBh5F_RTURoR0oh5ZGGAk,穂の里,その他の飲食店,あり,大洲市,中華そば｜ラーメン,,,,
g-ChIJwUbQ5CzpTzURCwlsVnyQIc0,蔵グルメあこう,その他の飲食店,あり,砥部町,,,,,
g-ChIJq6quRkjpTzURngn2S4FUNz4,展望レストラン SKY GARDEN,その他の飲食店,あり,砥部町,ラーメン｜担々麺,,,,
g-ChIJ_z3kE1bpTzURxx2cldxQ3VQ,和酔食菜ｋｅｎ,その他の飲食店,あり,砥部町,中華そば,,,,
g-ChIJrV-dWXXoTzURDMEHtBf5wY8,いろは,その他の飲食店,あり,東温市,ラーメン,,,,
g-ChIJpbjaFcPdTzURc1k93X0u2zs,ぎんなん,その他の飲食店,あり,東温市,ラーメン,味噌｜豚骨,,,
g-ChIJn1_11vfcTzURgFtV2DVQ8VM,ふるさと交流館 さくらの湯,その他の飲食店,あり,東温市,ラーメン,醤油,,,
g-ChIJwY3ErGrdTzURiVE8I7TQLp8,やすまるキッチン,その他の飲食店,あり,東温市,ラーメン｜冷やし,豚骨,,,はい
g-ChIJNzHA1fjnTzURzcDfVmfOPVE,一汁三菜五感,その他の飲食店,あり,東温市,ラーメン,,,,
g-ChIJb_KLBxPdTzUR2E0UvrBez3Y,吾平,その他の飲食店,あり,東温市,中華そば｜ラーメン,,,,
g-ChIJNWMgFODnTzURebU2I7AzLCE,旬彩武,その他の飲食店,あり,東温市,ちゃんぽん,,,,
g-ChIJY3wUMi_nTzURkWHRUj5BTUk,笑夢,その他の飲食店,あり,東温市,ちゃんぽん,魚介,,,はい
g-ChIJ_0wGZ7-FTzURRdysqhUb1Wo,IZAKAYAにこり,その他の飲食店,あり,内子町,ラーメン,醤油｜塩｜味噌,,,はい
g-ChIJk3bBYrSFTzURBYnzdYArzUQ,やきとり 一膳,その他の飲食店,あり,内子町,ラーメン,,,,はい
g-ChIJYXQKT7GFTzURJCgrN73z5NY,りんすけ,その他の飲食店,あり,内子町,中華そば｜ラーメン,,,,
g-ChIJBcdlA0uETzUR-yvFdvobPJk,鼓次郎,その他の飲食店,あり,内子町,ラーメン,,,,
g-ChIJS13HuAqFRTURC43Xj8Gf5-Y,フードコート アゴラマルシェ,その他の飲食店,あり,八幡浜市,ちゃんぽん,,,,
g-ChIJd6zNqISERTUR3l_v2x3_eI0,みなと,その他の飲食店,あり,八幡浜市,ラーメン,,,,
g-ChIJ-57B58iFRTUR9jVmu74AqNQ,海乃幸 騎虎,その他の飲食店,あり,八幡浜市,ちゃんぽん,鯛・鮮魚｜魚介,,,
g-ChIJyxr2GHuDRTURrOu-8a7XMk4,丸山,その他の飲食店,あり,八幡浜市,ラーメン,,,,
g-ChIJOTMiUE-DRTURkQCim0OaEQE,串呑家 坊主,その他の飲食店,あり,八幡浜市,ラーメン,豚骨,,,はい
g-ChIJsRCJmIOERTURmbcxXk3pIT8,焼き上手,その他の飲食店,あり,八幡浜市,ラーメン,,,,はい
g-ChIJVVWVzoCERTURW3eliVDeQ18,酉屋 りょう吉 八幡浜店,その他の飲食店,あり,八幡浜市,ラーメン,,,,はい
g-ChIJNWeueYOERTURmsctYOdCEc4,美味しんぼ 花,その他の飲食店,あり,八幡浜市,ラーメン｜ちゃんぽん,醤油,,,
g-ChIJzbs659yDRTURJ9uWA0beuiQ,平家谷そうめん流し,その他の飲食店,あり,八幡浜市,ラーメン,,,,はい
g-ChIJ____rIKERTURH-yySt9eGKs,北浜大島屋,その他の飲食店,あり,八幡浜市,ラーメン,,,,はい
g-ChIJO-JKRU-DRTURmnPIoo4sQxU,味和居Dining 敬,その他の飲食店,あり,八幡浜市,ちゃんぽん,,,,
g-ChIJOWUkpYKERTURrPSygDScfOE,民宿 愛花亭,その他の飲食店,あり,八幡浜市,ちゃんぽん,,,,
