id,店名,出典URL,確認日,確認状況
g-ChIJ____rIKERTURH-yySt9eGKs,北浜大島屋,https://tabelog.com/ehime/A3803/A380302/38005309/,2026/10/5,掲載情報あり
g-ChIJ__-WNEcwUDUR_jiZx1RQhec,丸啓,,2026/10/5,掲載情報あり
g-ChIJ_0wGZ7-FTzURRdysqhUb1Wo,IZAKAYAにこり,https://tabelog.com/ehime/A3803/A380303/38012686/,2026/10/5,掲載情報あり
g-ChIJ_5cKa1nlTzURl0BnNw0wYgs,長楽,https://tabelog.com/ehime/A3801/A380101/38001663/,2026/10/5,掲載情報あり
g-ChIJ_6tKqRHvTzURIF0yjZHo__o,うどん麦わら 麺処むぎ家,https://tabelog.com/ehime/A3801/A380101/38012773/,2026/10/5,掲載情報あり
g-ChIJ_THo1c_OUTUR868-lz0qdXE,らーめん亭,https://tabelog.com/ehime/A3802/A380203/38000310/,2026/10/5,掲載情報あり
g-ChIJ_wqFrkHPUTUR21VN6k3uktw,横浜家系ラーメン 百寅家,https://tabelog.com/ehime/A3802/A380203/38014421/,2026/10/5,掲載情報あり
g-ChIJ_wVeX-7lTzURrv4GSx0zaDY,瀬戸内ラーメン あづま家 二番町店,https://tabelog.com/ehime/A3801/A380101/38007681/,2026/10/5,掲載情報あり
g-ChIJ_z3kE1bpTzURxx2cldxQ3VQ,和酔食菜ｋｅｎ,https://tabelog.com/ehime/A3801/A380103/38006827/,2026/10/5,掲載情報あり
g-ChIJ_ZUwexFjTzURbyXoKD1smNU,文華亭,https://tabelog.com/ehime/A3804/A380401/38001713/,2026/10/5,掲載情報あり
g-ChIJ-08h_TfuTzURSsnBqehGzZ8,ていきびん,https://tabelog.com/ehime/A3801/A380103/38003857/,2026/10/5,掲載情報あり
g-ChIJ-57B58iFRTUR9jVmu74AqNQ,海乃幸 騎虎,https://tabelog.com/ehime/A3803/A380302/38016118/,2026/10/5,掲載情報あり
g-ChIJ-7iCCzmHRTURDHqAI1FcCOo,みのり,https://tabelog.com/ehime/A3804/A380402/38001213/,2026/10/5,掲載情報あり
g-ChIJ-ehk38ouUDURvq-Y8siT6go,彩菜・中華ダイニング,https://tabelog.com/ehime/A3802/A380202/38001731/,2026/10/5,掲載情報あり
g-ChIJ-UihH3DSUTUR524eZfSQ2n8,中華しん,https://tabelog.com/ehime/A3802/A380202/38010525/,2026/10/5,掲載情報あり
g-ChIJ-VI7RECUUTURgUGPn73MN34,熱烈タンタン麺一番亭 伊予三島店,https://tabelog.com/ehime/A3802/A380204/38007267/,2026/10/5,掲載情報あり
g-ChIJ01QG4aXpTzURIo1aukstOWI,水田商店,https://tabelog.com/ehime/A3801/A380103/38013897/,2026/10/5,掲載情報あり
g-ChIJ07HvhCQoUDURTMSCipOEioM,豚太郎 丹原店,https://tabelog.com/ehime/A3802/A380202/38006088/,2026/10/5,掲載情報あり
g-ChIJ0c56loXuTzURTTBkFc2vqFI,フードコート｜伊予灘SA上り,https://tabelog.com/ehime/A3801/A380103/38007193/,2026/10/5,掲載情報あり
g-ChIJ0fueJdNhTzURu6yU_xuMgLA,郷土料理 食のひろば,https://tabelog.com/ehime/A3804/A380401/38005039/,2026/10/5,掲載情報あり
g-ChIJ0R8LOsLSUTURih3zosklW7Y,ラーメン屋さん,https://tabelog.com/ehime/A3802/A380202/38002106/,2026/10/5,掲載情報あり
g-ChIJ0VbTJWebRTURrPyEAJAEIYM,ひろせ,https://tabelog.com/ehime/A3803/A380302/38015351/,2026/10/5,掲載情報あり
g-ChIJ12E-dmiUUTURjh_zpTPd6wQ,りょう花 伊予三島店,https://tabelog.com/ehime/A3802/A380204/38001117/,2026/10/5,掲載情報あり
g-ChIJ15x2PwDPUTURs8s6eTJ-8kw,辛麺居酒屋 纏,https://tabelog.com/ehime/A3802/A380203/38016178/,2026/10/5,掲載情報あり
g-ChIJ170JLADPUTURPnGWNsOxKWs,讃岐ラーメン 浜堂（はまんど） 新居浜,https://tabelog.com/ehime/A3802/A380203/38015508/,2026/10/5,掲載情報あり
g-ChIJ1SNC9hjmTzUR6pDBKdWrxHc,寿慶,https://tabelog.com/ehime/A3801/A380101/38001686/,2026/10/5,掲載情報あり
g-ChIJ1XnfOHPlTzURmugxSD3FAa0,中華バル ろたす,https://tabelog.com/ehime/A3801/A380101/38015582/,2026/10/5,掲載情報あり
g-ChIJ1Z3pYIDgTzURJHcATMKNuxg,丸味,https://tabelog.com/ehime/A3801/A380101/38006900/,2026/10/5,掲載情報あり
g-ChIJ22k9W8WBTzURnLK7MvmX7fs,台湾料理 味源,https://tabelog.com/ehime/A3803/A380301/38013043/,2026/10/5,掲載情報あり
g-ChIJ26FBQDB9RTURhPnwCCTuVqY,伊予路,https://www.hotpepper.jp/strJ000542809/,2026/10/5,掲載情報あり
g-ChIJ2QS5M1_vTzURvmJ8a1sNlng,ラーメン一興 立花店,https://tabelog.com/ehime/A3801/A380101/38000134/,2026/10/5,掲載情報あり
g-ChIJ2SGG_6jPUTURJAgMuKDgcOg,西蓮寺食堂,https://tabelog.com/ehime/A3802/A380203/38004941/,2026/10/5,掲載情報あり
g-ChIJ3_lsF5vlTzURRSW9-bv6gjY,生しじみラーメン『オルニ』松山本店,https://tabelog.com/ehime/A3801/A380101/38016114/,2026/10/5,掲載情報あり
g-ChIJ36Ce2JjlTzUR-k8nbWATgYM,のっぴんらー麺,https://tabelog.com/ehime/A3801/A380101/38000206/,2026/10/5,掲載情報あり
g-ChIJ3bdhHgseUDURfb9bnjcOzMo,風早いちや,https://tabelog.com/ehime/A3801/A380101/38007387/,2026/10/5,掲載情報あり
g-ChIJ3eOFHADPUTURzgorjAtZHi4,我央,https://tabelog.com/ehime/A3802/A380203/38016067/,2026/10/5,掲載情報あり
g-ChIJ3Toeas3oTzURk3kzjVSgrfQ,平野屋食堂,https://tabelog.com/ehime/A3801/A380101/38004154/,2026/10/5,掲載情報あり
g-ChIJ3TRqr687UDURBLjN4Ymued8,めん処 よそ平,https://tabelog.com/ehime/A3802/A380201/38007163/,2026/10/5,掲載情報あり
g-ChIJ3U_YulfATzURintvm83Be-w,まんなか,https://tabelog.com/ehime/A3803/A380304/38013961/,2026/10/5,掲載情報あり
g-ChIJ42c2KuzlTzURXlIAe6cSEbs,骨太味覚 本店,https://www.dcity-ehime.com/syousai/main.asp?P_SNO=A0006081,2026/10/5,掲載情報あり
g-ChIJ43YxiAfmTzURwcII5sGJg-k,中国料理 龍花,https://tabelog.com/ehime/A3801/A380101/38001564/,2026/10/5,掲載情報あり
g-ChIJ44hwAgB_RTURSrKn36QFXLE,らーめん笑福,https://yurimaman.com/archives/80257,2026/10/5,掲載情報あり
g-ChIJ46MnjPnnTzURSAzwOBZPk6o,りょう花重信店,https://tabelog.com/ehime/A3801/A380102/38006206/,2026/10/5,掲載情報あり
g-ChIJ4729HtuDRTURIs-lmiiQb-8,わくわく食堂,https://ehime-eica.net/eateries/656/,2026/10/5,掲載情報あり
g-ChIJ4QuFwlaBTzUR38UM9jxVaPw,ひふみ,https://tabelog.com/ehime/A3803/A380301/38009176/,2026/10/5,掲載情報あり
g-ChIJ4RhZZOiJRTURvkkXj2ef3kQ,友誼苑,https://www.youtube.com/watch?v=tObIWl6nHVs,2026/10/5,掲載情報あり
g-ChIJ4ZHe-9rOUTURcuv2pYo0ct8,新居浜市役所地下食堂浜食,https://tabelog.com/ehime/A3802/A380203/38013080/,2026/10/5,掲載情報あり
g-ChIJ5-KlnfTlTzURO7nq8MyPaPY,美食坊 ハルピン,https://tabelog.com/ehime/A3801/A380101/38016915/,2026/10/5,掲載情報あり
g-ChIJ51whzYTlTzURI83Q3QvjuWQ,リンガーハット フジグラン松山店,https://tabelog.com/ehime/A3801/A380101/38009685/,2026/10/5,掲載情報あり
g-ChIJ580YFJstUDURUdYw5JiH16M,みなたけ,https://tabelog.com/ehime/A3802/A380202/38014076/,2026/10/5,掲載情報あり
g-ChIJ5b6GPtQrUDUR7H-zTXiaff8,ラーメン工房 がいな,https://map.yahoo.co.jp/v3/place/m1-A9ZQUT5I,2026/10/5,掲載情報あり
g-ChIJ5Wh-brLlTzURLNgW-XzFix0,チャイナハウス すけろく 吉藤店,https://tabelog.com/ehime/A3801/A380101/38000427/,2026/10/5,掲載情報あり
g-ChIJ5WJMLZXpTzUR4j9EU9raUMc,中華料理 髙爛,https://tabelog.com/ehime/A3801/A380102/38012635/,2026/10/5,掲載情報あり
g-ChIJ5WL0Jmg6UDURmxHlmHDeGOs,白雅 餃子,https://tabelog.com/ehime/A3802/A380201/38000110/,2026/10/5,掲載情報あり
g-ChIJ5x4vIwDlTzURhsW7UUVF6ik,松山ブラックラーメン 黒虎屋,https://mm321mm.com/2026/09/28/ramen-2026246/,2026/10/5,掲載情報あり
g-ChIJ5Zfqa4GATzURY9_MdEG_HLI,わか宮食堂,https://tabelog.com/ehime/A3803/A380301/38003561/,2026/10/5,掲載情報あり
g-ChIJ6-6kAovBTzURfX70xK_lY-o,久万の小さな中華屋さん たんたん,,2026/10/5,要確認（未確認）
g-ChIJ62EW04k7UDUR_fADOxrPfEU,中華料理福臨,https://tabelog.com/ehime/A3802/A380201/38013397/,2026/10/5,掲載情報あり
g-ChIJ63LeUMPlTzUR_brlGzl4lAE,麺や 新倉,https://tabelog.com/ehime/A3801/A380101/38011943/,2026/10/5,掲載情報あり
g-ChIJ66YNKczOUTURvC_02O69qBk,大鵬軒,https://tabelog.com/ehime/A3802/A380203/38004095/,2026/10/5,掲載情報あり
g-ChIJ78c3r4SERTURuPcomRPzbrU,どさん子 八幡浜店,https://tabelog.com/ehime/A3803/A380302/38005278/,2026/10/5,掲載情報あり
g-ChIJ7aSkvAjyTzUR2JNyBEsZ3zQ,中華料理 東龍,https://tabelog.com/ehime/A3801/A380103/38001168/,2026/10/5,掲載情報あり
g-ChIJ7WUZGx_lTzUR9zPxDX4mKY4,古民家 中華居酒屋 中ちゃん,https://tabelog.com/ehime/A3801/A380101/38012494/,2026/10/5,掲載情報あり
g-ChIJ7yJlegDpTzURBhNkcBeXkXY,中華そば 鯊,https://tabelog.com/ehime/A3801/A380101/38017017/,2026/10/5,掲載情報あり
g-ChIJ7ZNrdNA7UDURRoIir2cbg50,伯方の塩ラーメンさんわ今治北インター店,https://tabelog.com/ehime/A3802/A380201/38013225/,2026/10/5,掲載情報あり
g-ChIJ7zRaelqGRTURUC50DV1kgQY,ゆうぼく牧場直営レストラン / ゆうぼく民,https://tabelog.com/ehime/A3804/A380402/38010777/,2026/10/5,掲載情報あり
g-ChIJ7zVgiqnlTzURvtM_81pJ-bw,番町製麺,https://tabelog.com/ehime/A3801/A380101/38013859/,2026/10/5,掲載情報あり
g-ChIJ8b0PAADlTzURdA-73DKoZO0,狼煙,https://tabelog.com/ehime/A3801/A380101/38016619/,2026/10/5,掲載情報あり
g-ChIJ8bgwlQnmTzURcOuwb8DKgOI,らーめん工房 りょう花 束本店,https://tabelog.com/ehime/A3801/A380101/38005032/,2026/10/5,掲載情報あり
g-ChIJ8fJHP3t8RTUR5hgZ37NXhzw,あさちゃん,https://tabelog.com/ehime/A3803/A380301/38011941/,2026/10/5,掲載情報あり
g-ChIJ8Q-sRQCJRTURbl9WZJsOxPo,大学食堂,https://tabelog.com/ehime/A3804/A380401/38009998/,2026/10/5,掲載情報あり
g-ChIJ8TeYfuL5RTUR7Wn8X4haV7A,西ドライブイン,https://tabelog.com/ehime/A3804/A380401/38001007/,2026/10/5,掲載情報あり
g-ChIJ8UMeCgDnTzURxoHN-otNLCA,大衆食堂スタンドそのだ 松山たかのこ店,https://tabelog.com/ehime/A3801/A380101/38016913/,2026/10/5,掲載情報あり
g-ChIJ8wESrzeRUTURvNt2YGmwYBE,ひさご屋,https://tabelog.com/ehime/A3802/A380204/38003880/,2026/10/5,掲載情報あり
g-ChIJ8xtCuGrvTzUR8290HgkWdao,醤油ラーメン専門店 醤和堂,https://tabelog.com/ehime/A3801/A380101/38014851/,2026/10/5,掲載情報あり
g-ChIJ96fzoRbvTzURZ7oKFRjqh8Y,チャイナパンダ,https://tabelog.com/ehime/A3801/A380101/38001661/,2026/10/5,掲載情報あり
g-ChIJ985RMABhTzURebL6b5udxzA,ラーメン屋 ユニコーン,,2026/10/5,要確認（未確認）
g-ChIJ99x91XbyTzURgX11B7gb1WQ,朝日食堂,https://tabelog.com/ehime/A3801/A380103/38002343/,2026/10/5,掲載情報あり
g-ChIJ9c-3nHWHRTURV3KdnVJbYvg,東洋軒 宇和店,https://tabelog.com/ehime/A3804/A380402/38001110/,2026/10/5,掲載情報あり
g-ChIJ9fohv9g7UDURoxgOuuBLEfA,らーめん・喰うかい,https://tabelog.com/ehime/A3802/A380201/38011397/,2026/10/5,掲載情報あり
g-ChIJ9XK-47_vTzURSPU8XJsnHlQ,ラーメン 鑫龍,https://tabelog.com/ehime/A3801/A380101/38008374/,2026/10/5,掲載情報あり
g-ChIJ9za_agDvTzURO9Pz-QXsmPY,横浜家系ラーメン 一門家 椿参道店,https://tabelog.com/ehime/A3801/A380101/38016899/,2026/10/5,掲載情報あり
g-ChIJ9zNxr7vSUTURvNvSi2FL_8c,九州筑豊ラーメン山小屋 伊予西条店,https://tabelog.com/ehime/A3802/A380202/38000049/,2026/10/5,掲載情報あり
g-ChIJa8fLaluUUTURsb2SgDrx64A,もりみ食堂,https://tabelog.com/ehime/A3802/A380204/38003929/,2026/10/5,掲載情報あり
g-ChIJAchVPITlTzURM9_H_Eqz6Fs,らーめんおが多 キスケＢＯＸ店,https://tabelog.com/ehime/A3801/A380101/38001126/,2026/10/5,掲載情報あり
g-ChIJaegPNBWUUTURQq4IjG82OXE,せんばやし,https://tabelog.com/ehime/A3802/A380204/38007005/,2026/10/5,掲載情報あり
g-ChIJAQAArWA6UDURVRml955pvvE,中国料理 「龍宮」,https://tabelog.com/ehime/A3802/A380201/38000650/,2026/10/5,掲載情報あり
g-ChIJAQDMBts7UDURnc6AQUYNoBI,中華料理龍鳳,,2026/10/5,要確認（未確認）
g-ChIJaSDV-e3lTzUR1O9mvs2WNkc,麺家 なかむら,https://tabelog.com/ehime/A3801/A380101/38006048/dtlmap/,2026/10/5,要確認（掲載情報あり）
g-ChIJaSX2rTKBTzURZHmmLB_x1vE,MAY’S KITCHEN,"https://www.google.com/maps/place/MAY%E2%80%99S+KITCHEN/@33.5343108,132.5901145,17z/data=!4m15!1m8!3m7!1s0x354f8132adf62569:0xf1d6f11f2ca67964!2zTUFZ4oCZUyBLSVRDSEVO!8m2!3d33.5343171!4d132.5901133!10e9!16s%2Fg%2F11kqw5084r!3m5!1s0x354f8132adf62569:0xf1d6f11f2ca67964!8m2!3d33.5343171!4d132.5901133!16s%2Fg%2F11kqw5084r?entry=ttu&g_ep=EgoyMDI2MDkzMC4wIKXMDSoASAFQAw%3D%3D",2026/10/5,掲載情報あり
g-ChIJaWzynn06UDURtSLzHc0VN10,美楽園,https://plaza.rakuten.co.jp/irome/diary/202502280000/,2026/10/5,掲載情報あり
g-ChIJAYM0yNPSUTURCdISoHpQ-zc,サッポロラーメン 西条店,https://tabelog.com/ehime/A3802/A380202/38007711/,2026/10/5,掲載情報あり
g-ChIJaz1TVyruTzURS4ozf2z58dE,国重,https://tabelog.com/ehime/A3801/A380101/38006123/,2026/10/5,掲載情報あり
g-ChIJb_KLBxPdTzUR2E0UvrBez3Y,吾平,,2026/10/5,要確認（未確認）
g-ChIJB1k0K_XnTzUR4hHW7IZuQTg,麺道 仙波,https://tabelog.com/ehime/A3801/A380101/38015285/,2026/10/5,掲載情報あり
g-ChIJB1xOAEmGRTURzYQGRdTcaFQ,野福,https://tabelog.com/ehime/A3804/A380402/38013880/,2026/10/5,掲載情報あり
g-ChIJB237U_Q6UDURwrI4JANzwWE,京屋,https://tabelog.com/ehime/A3802/A380201/38003995/,2026/10/5,掲載情報あり
g-ChIJb2K6Y4SATzUR3HPVzIwuq8E,博多乃風らーめん大郷,https://tabelog.com/ehime/A3803/A380301/38002109/,2026/10/5,掲載情報あり
g-ChIJb7isTkXlTzURNDEsnamn5ak,高見屋,https://tabelog.com/ehime/A3801/A380101/38000269/,2026/10/5,掲載情報あり
g-ChIJbbujkdLIUTURiXHmtkzWT6s,中国四川酒房 東風,https://tabelog.com/ehime/A3802/A380203/38001726/,2026/10/5,掲載情報あり
g-ChIJbccUuuR_RTURw4Fu5SVIZDE,熱烈タンタン麺一番亭 大洲店,https://tabelog.com/ehime/A3803/A380301/38000160/,2026/10/5,掲載情報あり
g-ChIJBcdlA0uETzUR-yvFdvobPJk,鼓次郎,https://tabelog.com/ehime/A3803/A380303/38015430/,2026/10/5,掲載情報あり
g-ChIJbdYkoO7lTzURpDX2BvCC-Xs,麺鮮醤油房 周平,https://tabelog.com/ehime/A3801/A380101/38000319/,2026/10/5,掲載情報あり
g-ChIJbeaj0-FVTzURcZ6brdfWacY,遊厨,https://tabelog.com/ehime/A3804/A380404/38011648/,2026/10/5,掲載情報あり
g-ChIJbS74BNjuTzURmFRPZQJ3FWk,サッポロラーメン 八倉店,https://tabelog.com/ehime/A3801/A380103/38012243/,2026/10/5,掲載情報あり
g-ChIJBSfCXB7lTzURsF8BTdwyBdI,周旋人,https://tabelog.com/ehime/A3801/A380101/38016266/,2026/10/5,掲載情報あり
g-ChIJBSok_obyTzURI9SvHgPs0mU,味芳,https://tabelog.com/ehime/A3801/A380103/38000744/,2026/10/5,掲載情報あり
g-ChIJByPlEcRhTzURGasu_tscb7M,かどや,https://www.kadoya-taimeshi.com/kadoyamanage/shoplist/kisaiyahiroba/,2026/10/5,掲載情報あり
g-ChIJbz1we3f2RTURNsW9oKOX9MA,鶴亀,https://tabelog.com/ehime/A3804/A380401/38006241/,2026/10/5,掲載情報あり
g-ChIJC0TUAq3BTzUR2XDPdknKJEw,豚太郎 久万店,https://tabelog.com/ehime/A3803/A380304/38011476/,2026/10/5,掲載情報あり
g-ChIJc6qCeNx_RTURpZXiWndEioY,ルーム千秋,https://tabelog.com/ehime/A3803/A380301/38008667/,2026/10/5,掲載情報あり
g-ChIJcecK2EfvTzURFpcPxKZQJwE,ねぎ坊主,https://tabelog.com/ehime/A3801/A380101/38000207/,2026/10/5,掲載情報あり
g-ChIJCed9Pc_SUTURvpQWzKPTUM8,ラーメン亭,https://tabelog.com/ehime/A3802/A380202/38001295/,2026/10/5,掲載情報あり
g-ChIJCftfQ7rSUTURLud6ZmYd3Pc,ちゃーしゅう工房いしづち店,https://tabelog.com/ehime/A3802/A380202/38010990/,2026/10/5,掲載情報あり
g-ChIJcTKZgDV2TzUR68DU8zzyld8,レストラン 停満里,https://tabelog.com/ehime/A3804/A380402/38007474/,2026/10/5,掲載情報あり
g-ChIJcwfPKi3JUTURUeDejrGb7vQ,多賀屋食堂 菊本支店,https://tabelog.com/ehime/A3802/A380203/38004428/,2026/10/5,掲載情報あり
g-ChIJCxzDPs1hTzURKH0rFVhxVPE,ルパ・ルパ,https://tabelog.com/ehime/A3804/A380401/38007558/,2026/10/5,掲載情報あり
g-ChIJcyg3BOzlTzURDtf3MCAd4hs,錦 iwamoto,https://tabelog.com/ehime/A3801/A380101/38011671/,2026/10/5,掲載情報あり
g-ChIJCyZFzhk7UDURXuHOa7gOf3s,らぁめんTaikou,https://tabelog.com/ehime/A3802/A380201/38016587/,2026/10/5,掲載情報あり
g-ChIJd_lN5Fh5TzURIuCRZmUxmeY,麺や 一心,https://tabelog.com/ehime/A3804/A380402/38011504/,2026/10/5,掲載情報あり
g-ChIJd1kl4OCATzUR-1X2rI7cYHU,神山食堂,https://tabelog.com/ehime/A3803/A380301/38008000/,2026/10/5,掲載情報あり
g-ChIJd6zNqISERTUR3l_v2x3_eI0,みなと,https://tabelog.com/ehime/A3803/A380302/38005200/,2026/10/5,掲載情報あり
g-ChIJD7BH98cpUDURWmISBDeGm2s,覇王樹,https://ehime-epuri.jp/76095,2026/10/5,掲載情報あり
g-ChIJd7qGT-0vUDURyn97tA-VEt8,ますみ,https://tabelog.com/ehime/A3802/A380202/38010722/,2026/10/5,掲載情報あり
g-ChIJD8FokKnlTzURDXSbDHiEo9M,麺屋もりと,https://tabelog.com/ehime/A3801/A380101/38015300/,2026/10/5,掲載情報あり
g-ChIJdbv_5fHlTzURDSDHGPOV7LY,台北,https://tabelog.com/ehime/A3801/A380101/38001669/,2026/10/5,掲載情報あり
g-ChIJdce-SADnTzURB72TcqKI0Y0,横浜家系ラーメン 一門家 枝松店,https://ehime-epuri.jp/69619,2026/10/5,掲載情報あり
g-ChIJDflt7PjOUTURDi4xa98nxy0,新創作四川料理 萬來,https://tabelog.com/ehime/A3802/A380203/38006452/,2026/10/5,掲載情報あり
g-ChIJdfqhgt3lTzUR0INHkJ38Koc,松流 フジグラン松山本店,インスタ,2026/10/5,掲載情報あり
g-ChIJDRo62pCATzUR4GaQios4bgo,アジト(AJI10),https://tabelog.com/ehime/A3803/A380301/38009864/,2026/10/5,掲載情報あり
g-ChIJE1OTTc7PUTURBkZoHVNr5sg,若宮食堂,https://tabelog.com/ehime/A3802/A380203/38013864/,2026/10/5,掲載情報あり
g-ChIJE6EHN8lhTzURtaXyaXtF31g,龍々亭,インスタ,2026/10/5,掲載情報あり
g-ChIJe8ZV_H6RUTUR9Gf3sU1Fcpo,らーめん こぶた堂,https://tabelog.com/ehime/A3802/A380204/38013814/,2026/10/5,掲載情報あり
g-ChIJEehlrULlTzURriA1qX_2Ozw,まいどおおきに食堂 ふるみつ食堂,https://tabelog.com/ehime/A3801/A380101/38003517/,2026/10/5,掲載情報あり
g-ChIJEf1QFhKVUTURxXSt3BmYvT4,うどん・ラーメン みしま屋,https://tabelog.com/ehime/A3802/A380204/38014352/,2026/10/5,掲載情報あり
g-ChIJeW4d77X3RTURX41caZvVXdI,和み茶屋,https://tabelog.com/ehime/A3804/A380401/38016570/,2026/10/5,掲載情報あり
g-ChIJewxrn7roTzURPptT1tLgA18,楽仔,https://tabelog.com/ehime/A3801/A380101/38006093/,2026/10/5,掲載情報あり
g-ChIJewyucF_PUTURvIXnP2rames,中華蕎麦つけ麺 一 hajime 新居浜店,https://tabelog.com/ehime/A3802/A380203/38014066/,2026/10/5,掲載情報あり
g-ChIJEyTDAnUtUDURPcQ-Y8BfAsE,めん六や 愛媛東予店,https://tabelog.com/ehime/A3802/A380202/38006885/,2026/10/5,掲載情報あり
g-ChIJF_s3PgDzTzURqkzV87VYh2A,Jふらんく 伊予店,https://tabelog.com/ehime/A3801/A380103/38016122/,2026/10/5,掲載情報あり
g-ChIJf1IRzB19RTURrmxLEL5-DSY,泉屋,,2026/10/5,掲載情報あり
g-ChIJF42TdVrlTzURHfGa_O-neUc,長浜ラーメン 長浜一番,https://tabelog.com/ehime/A3801/A380101/38000056/,2026/10/5,掲載情報あり
g-ChIJf9LPu046UDUR2hD_QxMwoQo,梁山泊 本店,https://tabelog.com/ehime/A3802/A380201/38002812/,2026/10/5,掲載情報あり
g-ChIJFbvFKhrTUTURbPzS2zEMBig,あかのれん,https://tabelog.com/ehime/A3802/A380202/38008547/,2026/10/5,掲載情報あり
g-ChIJFZK6QJf5RTURgYxur-9QLZ8,【公式】ゆらり内海,https://tabelog.com/ehime/A3804/A380404/38007190/,2026/10/5,掲載情報あり
g-ChIJfzT_DQCVUTURNK12vAv8kcY,揚足鳥 いちよし,https://tabelog.com/ehime/A3802/A380204/38015557/,2026/10/5,掲載情報あり
g-ChIJg-g9crblTzUR7NNNw6mL-Eg,かど八,https://tabelog.com/ehime/A3801/A380101/38003640/,2026/10/5,掲載情報あり
g-ChIJg1_sAhriTzURF4toWrErlRc,仙楓,https://tabelog.com/ehime/A3801/A380101/38001683/,2026/10/5,掲載情報あり
g-ChIJg10MWgbBUTURipeF-FRVQbY,こだま食堂,https://tabelog.com/ehime/A3802/A380204/38016460/,2026/10/5,掲載情報あり
g-ChIJG4LDwaXoTzURrd8KLEMoZbA,四川旬菜アスター,https://tabelog.com/ehime/A3801/A380101/38000395/,2026/10/5,掲載情報あり
g-ChIJG5n5_WmUUTURKbQdJA2oiWw,マルキン食堂,https://tabelog.com/ehime/A3802/A380204/38003908/,2026/10/5,掲載情報あり
g-ChIJgcBJkLbSUTURPRJwUwp2zlU,台湾料理 昇龍,https://tabelog.com/ehime/A3802/A380202/38008006/,2026/10/5,掲載情報あり
g-ChIJgQBS7lblTzURARY9vhCMZSs,東京油組総本店 大街道組,https://tabelog.com/ehime/A3801/A380101/38015032/,2026/10/5,掲載情報あり
g-ChIJgVOhPIGERTURxWUzqRBrgUU,もつ鍋ダイニング居食屋 月天(炭火焼鳥と自家製麺の店),https://tabelog.com/ehime/A3803/A380302/38001115/,2026/10/5,掲載情報あり
g-ChIJGw4gjb-ATzURSBgVUZ5DrzM,みろく家,https://tabelog.com/ehime/A3803/A380301/38012109/,2026/10/5,掲載情報あり
g-ChIJgxnrJMXlTzURAZx1LhppCOc,菜温,https://tabelog.com/ehime/A3801/A380101/38001329/,2026/10/5,掲載情報あり
g-ChIJGXp5Rv6VUTURUu7NhtDcJ64,豚虎ラーメン,https://yurimaman.com/archives/28947,2026/10/5,掲載情報あり
g-ChIJgYHoJPLlTzURqUsmzgJ5YYg,一力食堂,https://tabelog.com/ehime/A3801/A380101/38008147/,2026/10/5,掲載情報あり
g-ChIJgZwRrW08UDURAKPmYHFbBxc,てんまや食堂,https://tabelog.com/ehime/A3802/A380201/38004117/,2026/10/5,掲載情報あり
g-ChIJh0l4aADpTzURazyiHqJKvug,横浜家系ラーメン 一門家東温店,https://tabelog.com/ehime/A3801/A380102/38016798/,2026/10/5,掲載情報あり
g-ChIJH4J-mX86UDURBEI6eijDIZ8,聚香楼,https://tabelog.com/ehime/A3802/A380201/38011793/,2026/10/5,掲載情報あり
g-ChIJh5tFnPyCTzUR04inkh6JcH4,食べ処呑み処 味人-AJITO-,https://tabelog.com/ehime/A3803/A380301/38007228/,2026/10/5,掲載情報あり
g-ChIJh6qjlvPlTzURRdhkON-EnzM,九州豚骨醤油 鯉から竜 松山店,https://tabelog.com/ehime/A3801/A380101/38016009/,2026/10/5,掲載情報あり
g-ChIJh6zAANDSUTUR897iQJ2V6tI,松葉家,https://tabelog.com/ehime/A3802/A380202/38003249/,2026/10/5,掲載情報あり
g-ChIJHbNnv9h_RTURj9DN6HYzN54,臥龍茶屋,https://tabelog.com/ehime/A3803/A380301/38001189/,2026/10/5,掲載情報あり
g-ChIJhd8-Cs_OUTURoOJtiu65P1w,福ちゃん,https://tabelog.com/ehime/A3802/A380203/38015372/,2026/10/5,掲載情報あり
g-ChIJhTJ1QcT1RTURkEZlpSkoTVM,八戒,https://tabelog.com/ehime/A3804/A380401/38005440/,2026/10/5,掲載情報あり
g-ChIJHUP4cZXlTzURoyF1eYXRZOg,味噌とんこつらーめん まる,https://tabelog.com/ehime/A3801/A380101/38012616/,2026/10/5,掲載情報あり
g-ChIJhVeJy8thTzURPu7IqifkbkY,麺処 菊屋,https://tabelog.com/ehime/A3804/A380401/38000245/,2026/10/5,掲載情報あり
g-ChIJHVZXYADlTzURGnXZsjEqKmU,55CHINA JR松山駅だんだん通り店,https://tabelog.com/ehime/A3801/A380101/38016042/,2026/10/5,掲載情報あり
g-ChIJhXdsS3HyTzURaEHeDWqWO6c,濱田屋,https://tabelog.com/ehime/A3801/A380103/38001501/,2026/10/5,掲載情報あり
g-ChIJhYH9aADvTzURdZAigy_90KM,一番星,https://tabelog.com/ehime/A3801/A380101/38015982/,2026/10/5,掲載情報あり
g-ChIJhzmwNcgsUDURVufEFZnIv9Y,ふじ,https://tabelog.com/ehime/A3802/A380202/38008356/,2026/10/5,掲載情報あり
g-ChIJi0-7egDpTzUR_2CGh9T5ZlM,九州豚骨醤油 鯉から竜 久米店,https://tabelog.com/ehime/A3801/A380101/38016727/,2026/10/5,掲載情報あり
g-ChIJI1Zu3sjOUTURl09wjt0MOYQ,リビエラ/ネオナガハマ,https://tabelog.com/ehime/A3802/A380203/38011825/,2026/10/5,掲載情報あり
g-ChIJi5miqPcdUDURqJnsJxBD9ro,中華食堂＆バル 光楽,https://tabelog.com/ehime/A3801/A380101/38015396/,2026/10/5,掲載情報あり
g-ChIJI7eVnpPOUTURJ4_NsK4t2B4,紅虎餃子房 イオンモール新居浜店,https://tabelog.com/ehime/A3802/A380203/38000337/,2026/10/5,掲載情報あり
g-ChIJI7ts9lzlTzUR66LUMRNhFZs,日の出食堂,https://tabelog.com/ehime/A3801/A380101/38004963/,2026/10/5,掲載情報あり
g-ChIJia3X2ZAuUDURUAlPzoAtmUo,かどや食堂,https://tabelog.com/ehime/A3802/A380202/38003769/,2026/10/5,掲載情報あり
g-ChIJIRdBh5F_RTURoR0oh5ZGGAk,穂の里,https://tabelog.com/ehime/A3803/A380301/38004462/,2026/10/5,掲載情報あり
g-ChIJiVctfxHPUTURmMmi1Qn6PgI,チャイナハウス すけろく 星原店,https://tabelog.com/ehime/A3802/A380203/38002868/,2026/10/5,掲載情報あり
g-ChIJIVm56SNgTzUR_NC5byb3R60,とんこつのあべ家,https://tabelog.com/ehime/A3804/A380401/38013396/,2026/10/5,掲載情報あり
g-ChIJiwB8WgCPRTURdpbh1ZMwFiE,にの味屋,https://seiyo-geo.jp/c/support/ninomiya/,2026/10/5,掲載情報あり
g-ChIJiycrDQA7UDURWbctFYCW1nM,タイガーラーメン,https://tabelog.com/ehime/A3802/A380201/38016430/,2026/10/5,掲載情報あり
g-ChIJj-Oi2PrvTzURPEsBfZp081k,麺屋 柚木,https://tabelog.com/ehime/A3801/A380101/38014848/,2026/10/5,掲載情報あり
g-ChIJJ1UBofnTUTURF7KNzSmwTcw,めん六や 愛媛西条店,https://tabelog.com/ehime/A3802/A380202/38012131/,2026/10/5,掲載情報あり
g-ChIJJ2EgyUI6UDURQyRKx5yXeuY,中華居酒屋りん,https://tabelog.com/ehime/A3802/A380201/38010972/,2026/10/5,掲載情報あり
g-ChIJJ2F6VGg6UDURLaB1FaP_LsI,来々軒,https://tabelog.com/ehime/A3802/A380201/38004187/,2026/10/5,掲載情報あり
g-ChIJJ4GP3s7lTzURDUtdmDVly_g,麺のようじ 松山店,https://tabelog.com/ehime/A3801/A380101/38016603/,2026/10/5,掲載情報あり
g-ChIJJ8Xly4PPUTURQUF4NkEGjK0,生守らーめん 新居浜店,https://tabelog.com/ehime/A3802/A380203/38014589/,2026/10/5,掲載情報あり
g-ChIJj9_7YMatUTURmzWI1arg0wI,どんラーメン,https://tabelog.com/ehime/A3802/A380205/38014809/,2026/10/5,掲載情報あり
g-ChIJjaLEcgCFRTURQzH4muMnJ4k,ひなた食堂,"https://www.google.com/maps/place/%E3%81%B2%E3%81%AA%E3%81%9F%E9%A3%9F%E5%A0%82/@33.4461488,132.4385688,17z/data=!3m1!4b1!4m6!3m5!1s0x3545850072c4a28d:0x892727e39af83143!8m2!3d33.4461488!4d132.4385688!16s%2Fg%2F11zypn5z1h?entry=ttu&g_ep=EgoyMDI2MDkzMC4wIKXMDSoASAFQAw%3D%3D",2026/10/5,掲載情報あり
g-ChIJJaPOapWATzURhYZxKWtjPJ8,りょう花 大洲店,https://tabelog.com/ehime/A3803/A380301/38005837/,2026/10/5,掲載情報あり
g-ChIJjdzvsI7TUTURkE4LGnOF420,中華淑々,https://tabelog.com/ehime/A3802/A380202/38010426/,2026/10/5,掲載情報あり
g-ChIJJeHaqbHlTzURtbyVviZ6gx0,マリカリクリカ,https://tabelog.com/ehime/A3801/A380101/38005428/,2026/10/5,掲載情報あり
g-ChIJjfxmEXIvUDURE8l3S_4_ZOY,台湾料理桃園,https://tabelog.com/ehime/A3802/A380202/38016917/,2026/10/5,掲載情報あり
g-ChIJjQrM4HbyTzURL_zTUPcQ_7A,森店（もりみせ）食堂,https://nissho.ehime.jp/post/morimise-shokudo-iyo/,2026/10/5,掲載情報あり
g-ChIJjS5yYbDvTzURAt1jjDLP4-s,YAKITORI kitchen 彩,https://tabelog.com/ehime/A3801/A380101/38010169/,2026/10/5,掲載情報あり
g-ChIJJUh3weM6UDUR72FxbSHhrjg,どんたく,https://tabelog.com/ehime/A3802/A380201/38003868/,2026/10/5,掲載情報あり
g-ChIJjxYPs_XuTzURWz2sY9Bs7c8,あっぱれ亭,https://tabelog.com/ehime/A3801/A380103/38002230/,2026/10/5,掲載情報あり
g-ChIJJxZ07VyRUTUR52qpl84PB50,居酒屋 坊ZU,https://tabelog.com/ehime/A3802/A380204/38006607/,2026/10/5,掲載情報あり
g-ChIJjY8jXNl_RTURhiY2z6hQALA,大洲炉端 油屋,,2026/10/5,要確認（未確認）
g-ChIJjz0-_vwxUDURWRpt5fH6iBQ,らぁ麺 enten香,https://tabelog.com/ehime/A3802/A380201/38014213/,2026/10/5,掲載情報あり
g-ChIJjz4juI2ATzUR-dS4F65rbTQ,シャトル,https://tabelog.com/ehime/A3803/A380301/38003029/,2026/10/5,掲載情報あり
g-ChIJk_JcmpyERTUR3SBjX2T5tho,メリー食堂,https://tabelog.com/ehime/A3803/A380302/38003924/,2026/10/5,掲載情報あり
g-ChIJK1wIgkCDRTURUbTkhr4YvIk,白石食堂,https://tabelog.com/ehime/A3803/A380302/38003284/,2026/10/5,掲載情報あり
g-ChIJK39Wir-ATzURqWB6CIkXA_I,大阪王将 大洲インター店,https://tabelog.com/ehime/A3803/A380301/38008655/,2026/10/5,掲載情報あり
g-ChIJk3bBYrSFTzURBYnzdYArzUQ,やきとり 一膳,https://tabelog.com/ehime/A3803/A380303/38001823/,2026/10/5,掲載情報あり
g-ChIJK55oEcLOUTURhtj5YFANuh0,らぅ麺 純,https://tabelog.com/ehime/A3802/A380203/38005961/,2026/10/5,掲載情報あり
g-ChIJKam_ysksUDURsA6OJrB3lUc,まん吉,https://tabelog.com/ehime/A3802/A380202/38006621/,2026/10/5,掲載情報あり
g-ChIJKfZIXobyTzURjTmYeEe25MQ,みかさ,https://tabelog.com/ehime/A3801/A380103/38001614/,2026/10/5,掲載情報あり
g-ChIJKRADP0juTzURxVDVg3v_kDM,ひまわり,https://tabelog.com/ehime/A3801/A380103/38005433/,2026/10/5,掲載情報あり
g-ChIJKUCQWmflTzURxvENa7jVIVw,華園,https://tabelog.com/ehime/A3801/A380101/38001662/,2026/10/5,掲載情報あり
g-ChIJkVu4OCzuTzURcSaZBEh6mY0,中華そば創,https://tabelog.com/ehime/A3801/A380101/38002382/,2026/10/5,要確認（掲載情報あり）
g-ChIJKwgGJkvJUTUR5liL_v6Gb6w,らーめん処 笑福,https://tabelog.com/ehime/A3802/A380203/38012798/,2026/10/5,掲載情報あり
g-ChIJKwNUJADTUTURQB7mni-BNGM,道10,https://tabelog.com/ehime/A3802/A380202/38016579/,2026/10/5,掲載情報あり
g-ChIJkWsv9QroTzURfIOFoqN6CfU,来来亭 東温店,https://tabelog.com/ehime/A3801/A380102/38011436/,2026/10/5,掲載情報あり
g-ChIJKxMPNWY6UDURY2D2NqHslwk,おざき食堂,https://tabelog.com/ehime/A3802/A380201/38003723/,2026/10/5,掲載情報あり
g-ChIJky_aKADlTzURSyT6QRDgXYA,松山ラーメン うしみつ,https://tabelog.com/ehime/A3801/A380101/38015933/,2026/10/5,掲載情報あり
g-ChIJkYJ7MczOUTURBARA36NuIcI,麺や吉村 港町本店,,2026/10/5,既存値を保持
g-ChIJkYpGno7lTzURD3Zo3dr7jNs,中華そば・おでん 瓢太,https://tabelog.com/ehime/A3801/A380101/38000972/,2026/10/5,掲載情報あり
g-ChIJl-BUOuzlTzURkZrKPwNLaME,つけめん 蔵木,https://tabelog.com/ehime/A3801/A380101/38010904/,2026/10/5,掲載情報あり
g-ChIJL0JyYgDvTzURbYNS7nB98Zo,らーめんもりや 松山空港通店,https://tabelog.com/ehime/A3801/A380101/38015548/,2026/10/5,掲載情報あり
g-ChIJL9Oodr3PUTURH-gme2_RAGs,ジョーズカリー&ウイスキー,https://mrs.living.jp/ehime/town_gourmet/reporter/6442034,2026/10/5,要確認（掲載情報あり）
g-ChIJLawB_eZwTzURl66RfDthTWw,アカネ食堂,https://tabelog.com/ehime/A3804/A380403/38012277/,2026/10/5,掲載情報あり
g-ChIJLdL2SrXoTzURFSrUfzxURuE,中華バル茶縁,https://tabelog.com/ehime/A3801/A380101/38001461/,2026/10/5,掲載情報あり
g-ChIJldlHY086UDUR3Gknd_qsSLQ,大鵬軒 石井支店,https://tabelog.com/ehime/A3802/A380201/38006916/,2026/10/5,掲載情報あり
g-ChIJlQoFnMzpTzURSYPw4dKiTUo,中国料理 香港 来住店,https://tabelog.com/ehime/A3801/A380101/38012842/,2026/10/5,掲載情報あり
g-ChIJLSU3D1eNTzURw3ZVcGdboi0,珈食亭,https://tabelog.com/ehime/A3801/A380103/38004195/,2026/10/5,掲載情報あり
g-ChIJlwwMH5blTzURPDXO73Ogc2Q,雁飯店中国割烹 大岩 木屋町本店 Ganhanten Oiwa Kiya-cho,https://tabelog.com/ehime/A3801/A380101/38007834/,2026/10/5,掲載情報あり
g-ChIJLwXTz4KERTUR9EUKA1Nye1E,ちゃんぽん亭 イーグル,https://tabelog.com/ehime/A3803/A380302/38001292/,2026/10/5,掲載情報あり
g-ChIJLyxq6miTUTUROH6_w08o0H4,炭火・釜飯 銀六屋,https://tabelog.com/ehime/A3802/A380204/38013485/,2026/10/5,掲載情報あり
g-ChIJm0BqGADlTzUR2_tv0U78oro,まぜそば専門店もず,https://tabelog.com/ehime/A3801/A380101/38016023/,2026/10/5,掲載情報あり
g-ChIJM0nIURK4TzURGb_Fw5FDr6o,うまいもん屋 土居,https://tabelog.com/ehime/A3803/A380304/38004457/,2026/10/5,掲載情報あり
g-ChIJM2SvGaDlTzURKVx0S2pgTEA,麺処 大河,https://tabelog.com/ehime/A3801/A380101/38015056/,2026/10/5,掲載情報あり
g-ChIJm4gIi8XOUTUR8G7l0ZLf3_0,ひらく,https://tabelog.com/ehime/A3802/A380203/38010825/,2026/10/5,掲載情報あり
g-ChIJm6z3j4vlTzURrWfHJCzmTBQ,赤坂四川飯店 松山店,https://tabelog.com/ehime/A3801/A380101/38000302/,2026/10/5,掲載情報あり
g-ChIJMclU5n9vTzUR_-LJM_9uzXM,食堂BAR！！濱匠,https://ramendb.supleks.jp/s/161947.html,2026/10/5,掲載情報あり
g-ChIJmQmqleCATzURmCvJRPcNJDc,東明閣,https://tabelog.com/ehime/A3803/A380301/38001735/,2026/10/5,掲載情報あり
g-ChIJmRNGZ-7lTzURWIkfePPCOls,中国料理 万寿,https://tabelog.com/ehime/A3801/A380101/38011427/,2026/10/5,掲載情報あり
g-ChIJMS_v2MksUDURSiXiGJlaThI,竹ばやし,https://tabelog.com/ehime/A3802/A380202/38008340/,2026/10/5,掲載情報あり
g-ChIJmSaJuavvTzURk0FAFx0opc0,芯せかい エミフルMASAKI店,https://tabelog.com/ehime/A3801/A380103/38013736/,2026/10/5,掲載情報あり
g-ChIJMTjcLgDvTzURQeBU3m6NGhQ,中華そば56,https://mrs.living.jp/ehime/town_gourmet/reporter/6183453,2026/10/5,掲載情報あり
g-ChIJmUDi9BruTzURcBPzUOVaFeo,リンガーハット エミフルMASAKI店,https://tabelog.com/ehime/A3801/A380103/38012239/,2026/10/5,掲載情報あり
g-ChIJmUDi9BruTzURnJV006U5RPE,大阪王将 エミフルMASAKI店,https://tabelog.com/ehime/A3801/A380103/38007430/,2026/10/5,掲載情報あり
g-ChIJmUH_85aHRTUR0BTn6TTq69Q,たちばな,インスタ,2026/10/5,掲載情報あり
g-ChIJMVV8ALrFTzUR05a__uSfqvs,喜楽里,https://apese.net/?id=7207272,2026/10/5,要確認（掲載情報あり）
g-ChIJmW89odHOUTURYvEC8FoQ4Ng,中華料理 南国,https://tabelog.com/ehime/A3802/A380203/38001727/,2026/10/5,掲載情報あり
g-ChIJmWiu5dr1RTURdpEw4x26VCw,下北プリン,https://tabelog.com/ehime/A3804/A380401/38013097/,2026/10/5,掲載情報あり
g-ChIJMX2ZE3B8RTURvlmtaQKlraI,さのや食堂,https://tabelog.com/ehime/A3803/A380301/38003807/,2026/10/5,掲載情報あり
g-ChIJMxMqzxxlTzURVcGxqWH-lL4,櫻花,https://tabelog.com/ehime/A3804/A380403/38009527/,2026/10/5,掲載情報あり
g-ChIJMzI74xAvUDURz2c252VolcA,上海軒,https://tabelog.com/ehime/A3802/A380202/38003250/,2026/10/5,掲載情報あり
g-ChIJn1_11vfcTzURgFtV2DVQ8VM,ふるさと交流館 さくらの湯,https://tabelog.com/ehime/A3801/A380102/38009376/,2026/10/5,掲載情報あり
g-ChIJn14eepbOUTUR9AnzjuKQBWw,サッポロラーメン 新居浜西店,https://tabelog.com/ehime/A3802/A380203/38010882/,2026/10/5,掲載情報あり
g-ChIJN1MKv33yTzURRV2nTpf2XBY,くし坊らーめん麺人,https://tabelog.com/ehime/A3801/A380103/38002113/,2026/10/5,掲載情報あり
g-ChIJn2AsWpCPRTURcaiuiSWYfBg,いさか食堂,"https://www.google.com/maps/place/%E3%81%84%E3%81%95%E3%81%8B%E9%A3%9F%E5%A0%82/@33.3782437,132.4217502,17z/data=!4m15!1m8!3m7!1s0x35458f905a2c609f:0x187c982589aea871!2z44GE44GV44GL6aOf5aCC!8m2!3d33.37831!4d132.421635!10e9!16s%2Fg%2F1v6wm3js!3m5!1s0x35458f905a2c609f:0x187c982589aea871!8m2!3d33.37831!4d132.421635!16s%2Fg%2F1v6wm3js?entry=ttu&g_ep=EgoyMDI2MDkzMC4wIKXMDSoASAFQAw%3D%3D",2026/10/5,掲載情報あり
g-ChIJn5CqXE7vTzURctavJPixj9E,おらんだ館,https://tabelog.com/ehime/A3801/A380101/38004543/,2026/10/5,掲載情報あり
g-ChIJN6slk1fATzURP8nFdqBu0dA,きらら食堂,https://tabelog.com/ehime/A3803/A380304/38008676/,2026/10/5,掲載情報あり
g-ChIJn9WJAwArUDURXtjV_HRiANw,石鎚食堂｜石鎚山SA下り,https://www.w-holdings.co.jp/sapa/23060/gourmet/,2026/10/5,掲載情報あり
g-ChIJNaDDdgDzTzURFtN48ik27_M,志乃や,https://tabelog.com/ehime/A3801/A380103/38008252/,2026/10/5,掲載情報あり
g-ChIJNbFy18KWTzUR2tXi_TP-CIA,小番食堂,https://tabelog.com/ehime/A3803/A380303/38007127/,2026/10/5,掲載情報あり
g-ChIJNfG2IaDlTzURzsYNBEsF_dQ,闘牛ラーメン,https://tabelog.com/ehime/A3801/A380101/38000971/,2026/10/5,掲載情報あり
g-ChIJNfXvYwA7UDUR3gQK1JKw_PA,来島海峡SA フードコート,https://tabelog.com/ehime/A3802/A380201/38000010/,2026/10/5,掲載情報あり
g-ChIJNTr1TI7vTzUReSBMHGEYNQE,とりそば 翔 インスタ要確認,https://tabelog.com/ehime/A3801/A380101/38014528/,2026/10/5,掲載情報あり
g-ChIJNUp68NN_RTURJf9o2TWW0o0,中国菜館 蓮花,https://tabelog.com/ehime/A3803/A380301/38009562/,2026/10/5,掲載情報あり
g-ChIJNWeueYOERTURmsctYOdCEc4,美味しんぼ 花,https://tabelog.com/ehime/A3803/A380302/38012987/,2026/10/5,掲載情報あり
g-ChIJNWMgFODnTzURebU2I7AzLCE,旬彩武,https://tabelog.com/ehime/A3801/A380102/38003242/,2026/10/5,掲載情報あり
g-ChIJNz9it0_vTzURCmcFzNywWns,チャイナハウス すけろく 東石井店,https://tabelog.com/ehime/A3801/A380101/38000198/,2026/10/5,掲載情報あり
g-ChIJNzHA1fjnTzURzcDfVmfOPVE,一汁三菜五感,https://tabelog.com/ehime/A3801/A380102/38011431/,2026/10/5,掲載情報あり
g-ChIJnzKS8O7lTzURwU80Eh2lrTY,バラックからし屋,https://tabelog.com/ehime/A3801/A380101/38011148/,2026/10/5,掲載情報あり
g-ChIJO_3eJJrlTzUR93CkLLJGciY,松山鯛ラーメン万福久,https://tabelog.com/ehime/A3801/A380101/38014291/,2026/10/5,掲載情報あり
g-ChIJO-JKRU-DRTURmnPIoo4sQxU,味和居Dining 敬,https://tabelog.com/ehime/A3803/A380302/38012383/,2026/10/5,掲載情報あり
g-ChIJO04Kn7_lTzURfRAdwxyMbaw,油そば 周平,https://tabelog.com/ehime/A3801/A380101/38012446/,2026/10/5,掲載情報あり
g-ChIJo2tDrWLPTzURWQTFlzlxap8,面河ふるさと市場,,2026/10/5,要確認（未確認）
g-ChIJO3ag-ezAUTURBk969nXHuDw,ミッドナイト ウマイゾ さっちゃん,https://tabelog.com/ehime/A3802/A380204/38010837/,2026/10/5,掲載情報あり
g-ChIJO3gHTXLlTzURF6zo-fRyLVk,ラーメン一興 久万ノ台店,https://tabelog.com/ehime/A3801/A380101/38000322/,2026/10/5,掲載情報あり
g-ChIJO66GTgDPUTURzi1bieNQtZQ,纏Ⅱ,インスタ,2026/10/5,掲載情報あり
g-ChIJoal08ehFUDURA2z06k8x03M,猪骨ラーメン,https://tabelog.com/ehime/A3802/A380201/38012399/,2026/10/5,掲載情報あり
g-ChIJoaLdfsPvTzURu9TObmXOWUQ,ダルマ食堂,https://meruma2018.livedoor.blog/archives/36875204.html,2026/10/5,要確認（掲載情報あり）
g-ChIJOapX193oTzURxm1vXdTbwSM,豊来,https://tabelog.com/ehime/A3801/A380101/38001676/,2026/10/5,掲載情報あり
g-ChIJOcyey9x_RTURrtzD4WcNJdo,つぼね,https://tabelog.com/ehime/A3803/A380301/38017379/,2026/10/5,掲載情報あり
g-ChIJOfdmDQBhTzUR68Zq0f28xTA,ストライク軒 宇和島総本山,https://tabelog.com/ehime/A3804/A380401/38016058/,2026/10/5,掲載情報あり
g-ChIJoQhn_OvPUTURpHMth4sj4Uk,中国酒房 興慶,https://tabelog.com/ehime/A3802/A380203/38013922/,2026/10/5,掲載情報あり
g-ChIJoSFKhEjdTzURmAaPA6C4uoQ,中華 老香港菜館,https://tabelog.com/ehime/A3801/A380102/38000593/,2026/10/5,掲載情報あり
g-ChIJOSTE7DKBTzUReLA_54H3Bvc,麺鮮醤油房 周月フレスポ大洲店,https://tabelog.com/ehime/A3803/A380301/38015874/,2026/10/5,掲載情報あり
g-ChIJOTMiUE-DRTURkQCim0OaEQE,串呑家 坊主,https://yawatahama-kankou.com/%E4%B8%B2%E5%91%91%E5%AE%B6-%E5%9D%8A%E4%B8%BB/,2026/10/5,掲載情報あり
g-ChIJOUaa4ovlTzURlvsPBvEEyrE,紀の国屋食堂,https://tabelog.com/ehime/A3801/A380101/38003985/,2026/10/5,掲載情報あり
g-ChIJoWjc4pwuUDUR49ox_Ho3SOo,蓬莱閣 東予店,https://tabelog.com/ehime/A3802/A380202/38006083/,2026/10/5,掲載情報あり
g-ChIJOWUkpYKERTURrPSygDScfOE,民宿 愛花亭,https://tabelog.com/ehime/A3803/A380302/38005222/,2026/10/5,掲載情報あり
g-ChIJoXES0kI6UDURwuZq41MAem0,大鵬軒 本店,https://tabelog.com/ehime/A3802/A380201/38004337/,2026/10/5,掲載情報あり
g-ChIJp09vKKboTzURaIuFu1jkmr4,ラーメン食堂 縁 北久米店,https://tabelog.com/ehime/A3801/A380101/38010679/,2026/10/5,掲載情報あり
g-ChIJp3LeIxLvTzURVTQ958FJJt0,JAえひめ中央 おひさま食堂,https://tabelog.com/ehime/A3801/A380101/38012871/,2026/10/5,掲載情報あり
g-ChIJP4a0p8HSUTURnc9jeggVxDc,はしもと,https://tabelog.com/ehime/A3802/A380202/38006727/,2026/10/5,掲載情報あり
g-ChIJP4mbJgDPUTURviHUwMKIp0E,こばら屋台,,2026/10/5,要確認（未確認）
g-ChIJP6otfZXvTzURDzlBFeMpqUA,風雲丸 松山空港通り店,https://tabelog.com/ehime/A3801/A380101/38007620/,2026/10/5,掲載情報あり
g-ChIJp8SRbHroTzURRUEMntgTn1w,リンガーハット フジグラン重信店,https://tabelog.com/ehime/A3801/A380102/38011387/,2026/10/5,掲載情報あり
g-ChIJpaidkVjPUTUR-e2L3dPkCCE,錦楽源,https://tabelog.com/ehime/A3802/A380203/38016525/,2026/10/5,掲載情報あり
g-ChIJpbjaFcPdTzURc1k93X0u2zs,ぎんなん,https://r.goope.jp/sr-38-3821510012/,2026/10/5,掲載情報あり
g-ChIJPQ2rRr3yTzURscufie5jp14,豚太郎 伊予店,https://tabelog.com/ehime/A3801/A380103/38006100/,2026/10/5,掲載情報あり
g-ChIJpSMrezNgTzUREgF-6IXmxKo,ようき家,https://ehimesasurai.blog.jp/archives/55062988.html,2026/10/5,要確認（掲載情報あり）
g-ChIJPUKXWYTvTzURmKVaR2pQMOY,坊っちゃん食堂 三冠王,https://www.e-komachi.com/gourmet/13755_20240827/,2026/10/5,掲載情報あり
g-ChIJpUMsrXHoTzURuJbGNhGpqMY,中華そば 芯せかい 本店,https://tabelog.com/ehime/A3801/A380102/38011146/,2026/10/5,掲載情報あり
g-ChIJpx9No9IxUDURSNonCT_HXxQ,TRITON RAMEN,https://tabelog.com/ehime/A3802/A380201/38016043/,2026/10/5,掲載情報あり
g-ChIJpxXitIHlTzURf2_0nRRw9Sg,夢を語れ 松山,https://tabelog.com/ehime/A3801/A380101/38013435/,2026/10/5,掲載情報あり
g-ChIJPzTFEgBhTzUR0SCVe4dp0hE,麺's げんきや,,2026/10/5,要確認（未確認）
g-ChIJq_6aoz3vTzURhJWGNx4sIO8,揚子江,https://tabelog.com/ehime/A3801/A380101/38001659/,2026/10/5,掲載情報あり
g-ChIJq-FrCCvpTzUR7Uw1uaR1W6M,ラーメン一興 砥部店,https://tabelog.com/ehime/A3801/A380103/38000421/,2026/10/5,掲載情報あり
g-ChIJq1Rmyu3lTzURs_48FrDZGCQ,麺屋 十銭,https://tabelog.com/ehime/A3801/A380101/38001531/,2026/10/5,掲載情報あり
g-ChIJQ1tqr2bvTzURUTNmR-NcfEI,なにわや食堂,https://tabelog.com/ehime/A3801/A380101/38004751/,2026/10/5,掲載情報あり
g-ChIJQ217VezlTzURvee-VZlYVTs,中国料理「桃園」,https://r.gnavi.co.jp/s5n41th00000/,2026/10/5,掲載情報あり
g-ChIJq2oumtDlTzURkBZswTu2Uv0,おでん・中華そば 瓢簞,https://tabelog.com/ehime/A3801/A380101/38014218/,2026/10/5,掲載情報あり
g-ChIJq3JM08fOUTURLK_cuFuQpkw,齋藤,https://tabelog.com/ehime/A3802/A380203/38007264/,2026/10/5,掲載情報あり
g-ChIJq4WiQuZ1TzURGUM7zFw67eQ,食酔坊・宝,https://tabelog.com/ehime/A3804/A380402/38000876/,2026/10/5,掲載情報あり
g-ChIJq654e7HlTzURifL37KI5jQ8,KANEOKA RAMEN,https://tabelog.com/ehime/A3801/A380101/38013615/,2026/10/5,掲載情報あり
g-ChIJq6qeD4zlTzURCGO0Yf1Und4,拉麺 閏 （ラーメン ウルウ）,https://tabelog.com/ehime/A3801/A380101/38011335/,2026/10/5,掲載情報あり
g-ChIJq6qlkYzlTzURnqvS3guTSE8,あづま家 千舟町店,https://tabelog.com/ehime/A3801/A380101/38010013/,2026/10/5,掲載情報あり
g-ChIJq6qpVhjmTzURx5LwDGeYg3I,麺工房 茜屋,https://tabelog.com/ehime/A3801/A380101/38000550/,2026/10/5,掲載情報あり
g-ChIJq6quRkjpTzURngn2S4FUNz4,展望レストラン SKY GARDEN,https://tabelog.com/ehime/A3801/A380103/38005830/,2026/10/5,掲載情報あり
g-ChIJq8IiTG7vTzUR785iN9gSYoU,中国料理 香港 和泉店,https://tabelog.com/ehime/A3801/A380101/38000125/,2026/10/5,掲載情報あり
g-ChIJqa9E4EmHRTURLDXVDqMm07Q,粋,https://tabelog.com/ehime/A3804/A380402/38001082/,2026/10/5,掲載情報あり
g-ChIJQeriArYuUDUR-AAQK5YHPqo,丸鶏醤油ラーメン とりの助 東予店,https://tabelog.com/ehime/A3802/A380202/38010975/,2026/10/5,掲載情報あり
g-ChIJQfoBJpGcRTURZu0oBZANwuI,マルマ食堂,https://tabelog.com/ehime/A3803/A380302/38004936/,2026/10/5,掲載情報あり
g-ChIJQQ4qjyzlTzURa3S2refmHdA,豚珍行,https://tabelog.com/ehime/A3801/A380101/38000204/,2026/10/5,掲載情報あり
g-ChIJQQ61iVbATzURTyRlcRcv-bc,ちぐさ,https://tabelog.com/ehime/A3803/A380304/38000874/,2026/10/5,掲載情報あり
g-ChIJqQBVqSo7UDUReFQPvPwCXvk,いこ食堂,https://tabelog.com/ehime/A3802/A380201/38014774/,2026/10/5,掲載情報あり
g-ChIJqRCIeM4vUDURwJpqDfqVycc,麺のTORIKO,インスタ,2026/10/5,掲載情報あり
g-ChIJqUp3ks_SUTUR92LvPDILRdA,双葉食堂,https://tabelog.com/ehime/A3802/A380202/38008696/,2026/10/5,掲載情報あり
g-ChIJqUWkIZTOUTURTOqbeTdBqGU,中国料理 龍鳳,https://tabelog.com/ehime/A3802/A380203/38005977/,2026/10/5,掲載情報あり
g-ChIJQV6cfmR_RTURlIBi2ro5QX0,分油屋,https://tabelog.com/ehime/A3803/A380301/38011908/,2026/10/5,掲載情報あり
g-ChIJQVoKNfPlTzURwmIwkny6ueg,麺と向かって鰹,https://tabelog.com/ehime/A3801/A380101/38013958/,2026/10/5,掲載情報あり
g-ChIJqVsIs8dhTzURk8uxqqqaPmg,こたん,https://tabelog.com/ehime/A3804/A380401/38003788/,2026/10/5,掲載情報あり
g-ChIJQyOP8CE7UDURDQwGKTw2F80,屋台 すずえ(京楽軒),https://tabelog.com/ehime/A3802/A380201/38008351/,2026/10/5,掲載情報あり
g-ChIJr0yDymKHRTURVKxoJf2QJiI,やすい食堂,https://kitonaru.com/?p=17331,2026/10/5,要確認（掲載情報あり）
g-ChIJR25P6PPlTzURhR-UaFi1yOo,ラーメン ブタイチ 松山二番町店,https://tabelog.com/ehime/A3801/A380101/38014606/,2026/10/5,掲載情報あり
g-ChIJr5DPm6TlTzURzcAC9jDA26U,中華菜館 四川飯店,https://tabelog.com/ehime/A3801/A380101/38000208/,2026/10/5,掲載情報あり
g-ChIJR5GRCbrSUTURiWwkY1X4rOg,一番星,https://tabelog.com/ehime/A3802/A380202/38003621/,2026/10/5,掲載情報あり
g-ChIJR5XVeW_mTzUR-eygRq-a65g,葉牡丹,https://tabelog.com/ehime/A3801/A380101/38005426/,2026/10/5,掲載情報あり
g-ChIJr65_RxGVUTURhe-UOBcZ_1I,とりや,https://tabelog.com/ehime/A3802/A380204/38006325/,2026/10/5,掲載情報あり
g-ChIJr87wYADvTzURH12wvotlTJY,村一番食堂,https://tabelog.com/ehime/A3801/A380103/38017319/,2026/10/5,掲載情報あり
g-ChIJrdvpiqTAUTURcKzdaYYAquo,ひかり食堂,https://tabelog.com/ehime/A3802/A380204/38003879/,2026/10/5,掲載情報あり
g-ChIJrSS88Y1VTzURWqD4_xHL7yg,台湾料理 豊源 愛南店,https://tabelog.com/ehime/A3804/A380404/38013020/,2026/10/5,掲載情報あり
g-ChIJrV-dWXXoTzURDMEHtBf5wY8,いろは,,2026/10/5,要確認（未確認）
g-ChIJRykYV3z1RTUR7ePb7QBA4Lk,山男,https://tabelog.com/ehime/A3804/A380401/38007944/,2026/10/5,掲載情報あり
g-ChIJRZf0Cq_oTzURXUrIMPZ6itA,風風亭 久米店,https://tabelog.com/ehime/A3801/A380101/38011107/,2026/10/5,掲載情報あり
g-ChIJS-PdYnKUUTURcWONXUyMZP0,中国料理 柘,https://tabelog.com/ehime/A3802/A380204/38007892/,2026/10/5,掲載情報あり
g-ChIJS13HuAqFRTURC43Xj8Gf5-Y,フードコート アゴラマルシェ,https://tabelog.com/ehime/A3803/A380302/38009539/,2026/10/5,掲載情報あり
g-ChIJS4ESIgDlTzUR5_Jb22KYuUY,辛麺屋 飛麻飛火,https://tabelog.com/ehime/A3801/A380101/38015747/,2026/10/5,掲載情報あり
g-ChIJs50038CATzURc-vqlga9y0o,めん六や 愛媛大洲店,https://tabelog.com/ehime/A3803/A380301/38012132/,2026/10/5,掲載情報あり
g-ChIJs5SNPQDvTzUR9KBwSlVik8o,センベエ食堂,https://tabelog.com/ehime/A3801/A380101/38015945/,2026/10/5,掲載情報あり
g-ChIJs8lSivKDRTUR8uTRR8-2rXg,台湾料理 味源,https://tabelog.com/ehime/A3803/A380302/38016695/,2026/10/5,掲載情報あり
g-ChIJS8RYyFeRUTURlWKmnmqDRjs,中国菜館 成都,https://tabelog.com/ehime/A3802/A380204/38001534/,2026/10/5,掲載情報あり
g-ChIJsawc6sSHRTURZi-b8lWc4zI,豊源 西予店,https://tabelog.com/ehime/A3804/A380402/38013557/,2026/10/5,掲載情報あり
g-ChIJsbF1VAA7UDURsUPI1TNDQJY,横浜家系ラーメン 一門家 今治店,https://yurimaman.com/archives/74734,2026/10/5,掲載情報あり
g-ChIJSczdGX2XTzURXt01_U0ALLI,日切食堂,https://r.goope.jp/uchikotakeout/menu/789156,2026/10/5,掲載情報あり
g-ChIJsRC7vfnlTzURiXdgC3QRBAY,麺や雅,https://www.michikusaehime.com/menyamiyabi/,2026/10/5,掲載情報あり
g-ChIJsRCJmIOERTURmbcxXk3pIT8,焼き上手,https://tabelog.com/ehime/A3803/A380302/38003499/,2026/10/5,掲載情報あり
g-ChIJsUw0WADTUTURiFNaiNO_C_Y,沖縄そばの店 さんぴん食堂,https://tabelog.com/ehime/A3802/A380202/38016053/,2026/10/5,掲載情報あり
g-ChIJSWeQv7CFTzURTt-YBYgUspI,内子いなりや×ストライク軒,https://tabelog.com/ehime/A3803/A380303/38000997/,2026/10/5,掲載情報あり
g-ChIJsxhEZgXPUTURDD37lmUcX6E,一福 新居浜店,https://tabelog.com/ehime/A3802/A380203/38012058/,2026/10/5,掲載情報あり
g-ChIJSYlOkdV_RTUR33H7u03NAlE,福ちゃんラーメン,https://tabelog.com/ehime/A3803/A380301/38002807/,2026/10/5,掲載情報あり
g-ChIJt34g1nDyTzURGpEVv7Zhl-4,ＨＩＫＡＲＩ,https://tabelog.com/ehime/A3801/A380103/38003687/,2026/10/5,掲載情報あり
g-ChIJt5d4SL7lTzURSOiXGayDGjg,いのうえ家,https://tabelog.com/ehime/A3801/A380101/38006952/,2026/10/5,掲載情報あり
g-ChIJtaaEFADvTzUR3bsEKth8ZxI,サムライノネイロ,https://tabelog.com/ehime/A3801/A380101/38016734/,2026/10/5,掲載情報あり
g-ChIJTbcTDiDPUTUR89tyEd57XG0,麺処 倭,https://tabelog.com/ehime/A3802/A380203/38012118/,2026/10/5,掲載情報あり
g-ChIJtdWqwJblTzURv_kdw1WJtBk,中華台所 元帥,https://tabelog.com/ehime/A3801/A380101/38001006/,2026/10/5,要確認（掲載情報あり）
g-ChIJtQsnt9vvTzURfwZHGTYToY8,市場食堂 ゑびす丸,https://tabelog.com/ehime/A3801/A380101/38010063/,2026/10/5,掲載情報あり
g-ChIJTVP-SdKNTzURQ5H5IElwOyw,上灘水産,https://tabelog.com/ehime/A3801/A380103/38012552/,2026/10/5,掲載情報あり
g-ChIJtWL9h18rUDUR3ZMsdL-KQdY,横濱飯店,https://tabelog.com/ehime/A3802/A380202/38014692/,2026/10/5,掲載情報あり
g-ChIJtwUOBSA7UDURWgfABs3-5NU,やま勝,https://tabelog.com/ehime/A3802/A380201/38014908/,2026/10/5,掲載情報あり
g-ChIJtXxoVwDpTzURjpw9OfRmH3o,じゃんめん フジグラン重信店,,2026/10/5,要確認（未確認）
g-ChIJTzYffWDZTzURb82Ncyiu_ls,中華そば心,https://tabelog.com/ehime/A3802/A380202/38012890/,2026/10/5,掲載情報あり
g-ChIJtZzxWmvvTzURQXX6QT3MP74,長城,https://tabelog.com/ehime/A3801/A380101/38001660/,2026/10/5,掲載情報あり
g-ChIJU-jjjjV2TzURE-LF8Ccq0ys,コスモス,https://tabelog.com/ehime/A3804/A380402/38013426/,2026/10/5,掲載情報あり
g-ChIJu-wNKkGRUTURwTSNdBM1aS4,伊予万里,https://tabelog.com/ehime/A3802/A380204/38002024/,2026/10/5,掲載情報あり
g-ChIJU2st0mmUUTURWW96xE2HPAc,吟醸倶楽部,インスタ,2026/10/5,要確認（掲載情報あり）
g-ChIJu8dtFtjvTzURkmSiNz1jcKY,麺屋 ICHI,https://tabelog.com/ehime/A3801/A380101/38008963/,2026/10/5,掲載情報あり
g-ChIJU9VgzHjlTzUR2xotKTdQsv8,瀬戸内らーめん 伍式 鮮魚系真鯛,https://tabelog.com/ehime/A3801/A380101/38014670/,2026/10/5,掲載情報あり
g-ChIJua18MMbSUTURxSA2zIzc9j0,大田屋,https://tabelog.com/ehime/A3802/A380202/38005903/,2026/10/5,掲載情報あり
g-ChIJuafPuevAUTURIG87sWjU-Mw,秦食堂,https://tabelog.com/ehime/A3802/A380204/38003260/,2026/10/5,掲載情報あり
g-ChIJUai2pGLvTzURRxS0qVJMV5M,中国料理 胡桃,https://tabelog.com/ehime/A3801/A380101/38010181/,2026/10/5,掲載情報あり
g-ChIJUdsX5N_lTzURjcXN98zfldk,清龍園 湯渡店,https://tabelog.com/ehime/A3801/A380101/38008121/,2026/10/5,掲載情報あり
g-ChIJUeWR50GUUTURCfDcScjCuBk,ぐるめ亭,https://tabelog.com/ehime/A3802/A380204/38001741/,2026/10/5,掲載情報あり
g-ChIJuR3Sd_O4RTURxQpmh23uRYI,まりーな亭,https://tabelog.com/ehime/A3803/A380302/38000829/,2026/10/5,掲載情報あり
g-ChIJUSeDrwfmTzURZ03yKjDhw88,チャイナハウス すけろく 束本店,https://tabelog.com/ehime/A3801/A380101/38008831/,2026/10/5,掲載情報あり
g-ChIJUXnbwU2RUTURci1xjN-B4ck,やったろうじゃん,https://tabelog.com/ehime/A3802/A380204/38014063/,2026/10/5,掲載情報あり
g-ChIJUxzyEYDvTzURMm75EfM-roQ,らぁ麺 参獣師,https://cosmoclear.jp/blog/23871/,2026/10/5,掲載情報あり
g-ChIJuYVab8xhTzURWHLm-Hqu8WI,味丸,https://tabelog.com/ehime/A3804/A380401/38003297/,2026/10/5,掲載情報あり
g-ChIJV_uUOHzPUTUR7Ra50DlGqzM,韓丼 新居浜店,https://kandon.jp/newstore/niihama/,2026/10/5,要確認（掲載情報あり）
g-ChIJV0LqgQUpUDURorvk7UMFzHQ,福美食堂,https://tabelog.com/ehime/A3802/A380202/38004152/,2026/10/5,掲載情報あり
g-ChIJv26cgto6UDUR9F4gKXiPn18,わらや,https://tabelog.com/ehime/A3802/A380201/38004275/,2026/10/5,掲載情報あり
g-ChIJv6ThnTniTzURk0W8mnPSBJM,三宝亭,https://tabelog.com/ehime/A3801/A380101/38008896/,2026/10/5,掲載情報あり
g-ChIJv8j_cyh1TzURzq4m8nwmQRE,テルメ食堂,,2026/10/5,要確認（未確認）
g-ChIJV9zUxu3SUTURCsUyFrlUGb4,まいどおおきに食堂 西条福武食堂,https://tabelog.com/ehime/A3802/A380202/38004940/,2026/10/5,掲載情報あり
g-ChIJVQyyD81hTzURVNkYBHCDF3w,ぼん平,https://tabelog.com/ehime/A3804/A380401/38003902/,2026/10/5,掲載情報あり
g-ChIJvRQ1m9nPUTURO9UlwK3BCSA,お登り食堂,https://tabelog.com/ehime/A3802/A380203/38011893/,2026/10/5,掲載情報あり
g-ChIJVSNyTH_zTzURDwHbtPl_D_w,ごはん屋いづし,https://tabelog.com/ehime/A3801/A380103/38014293/,2026/10/5,掲載情報あり
g-ChIJvTIOB5MYUDURLJhvc4R2jMg,ラーメンハウスとんとん,https://miton-imabari.jp/tonton-kikuma/,2026/10/5,要確認（掲載情報あり）
g-ChIJVVSLIJTlTzURBFduhAvsazo,眞心 SHIN-SHIN,https://tabelog.com/ehime/A3801/A380101/38011454/,2026/10/5,掲載情報あり
g-ChIJVVUFdVsuUDURFlFAdPvhH0Q,中華料理 蓬莱閣（河原津店）,https://tabelog.com/ehime/A3802/A380202/38011344/,2026/10/5,掲載情報あり
g-ChIJVVVlwo_uTzURdGE2LE94OsY,フードコート｜伊予灘SA下り,https://tabelog.com/ehime/A3801/A380103/38007870/,2026/10/5,掲載情報あり
g-ChIJVVVR7mmRUTURJpOj0YTGscQ,住吉食堂,https://tabelog.com/ehime/A3802/A380204/38009643/,2026/10/5,掲載情報あり
g-ChIJVVVVVcSHRTURs00GNuYa0kM,中国料理 舞華,https://tabelog.com/ehime/A3804/A380402/38012730/,2026/10/5,掲載情報あり
g-ChIJVVVVVfLlTzURw8qhvYUg-tQ,豚麺 アジト,https://tabelog.com/ehime/A3801/A380101/38013214/,2026/10/5,掲載情報あり
g-ChIJVVWQzevAUTURqkpFcun4yqo,大衆食堂しのはら,,2026/10/5,要確認（未確認）
g-ChIJVVWVzoCERTURW3eliVDeQ18,酉屋 りょう吉 八幡浜店,https://tabelog.com/ehime/A3803/A380302/38011104/,2026/10/5,掲載情報あり
g-ChIJVX1giUCRUTUR_KIGR3w-3WU,延寿園,https://tabelog.com/ehime/A3802/A380204/38001737/,2026/10/5,掲載情報あり
g-ChIJvX9wKMnOUTURu0G9nHEmwRo,堤亭,https://tabelog.com/ehime/A3802/A380203/38002100/,2026/10/5,掲載情報あり
g-ChIJw_gnDI07UDURHu4NWa6AuP0,きく麺,https://tabelog.com/ehime/A3802/A380201/38014311/,2026/10/5,掲載情報あり
g-ChIJw0vsOcnPUTUR9gh8vzSOObs,マシマシらーめん物語はここから始まるのだ。新居浜店,https://tabelog.com/ehime/A3802/A380203/38016275/,2026/10/5,掲載情報あり
g-ChIJW6rc8_ftTzURAf0TFV716b8,えい吉,https://tabelog.com/ehime/A3801/A380103/38001025/,2026/10/5,要確認（掲載情報あり）
g-ChIJw8M0ww2HRTURDcf7TguAFCM,麺や だんここ,https://yurimaman.com/archives/84891,2026/10/5,掲載情報あり
g-ChIJW973u4OXRTURBIAkKRKJP8Q,いりふね,インスタ,2026/10/5,掲載情報あり
g-ChIJW9blg3TlTzURQ02RKzooqzY,雁飯店 久万ノ台店,https://tabelog.com/ehime/A3801/A380101/38002802/,2026/10/5,掲載情報あり
g-ChIJW9iTpe7OUTURttw5qiL2-rw,お食事処麺匠夢屋,https://tabelog.com/ehime/A3802/A380203/38002098/,2026/10/5,掲載情報あり
g-ChIJwaSW1-coUDURY2QlzNiVbKQ,みつぼし醤油,https://www.e-ttoko.com/s-ttoko/company/mitsuboshi-syokuhin/index.html,2026/10/5,要確認（掲載情報あり）
g-ChIJwdPwW3YvUDURDCKR6GHGwjg,タオル美術館 新創作中国料理 王府井,https://tabelog.com/ehime/A3802/A380201/38000914/,2026/10/5,掲載情報あり
g-ChIJWffhWI6HRTURzab550uu7lk,ARISU,https://tabelog.com/ehime/A3804/A380402/38009754/,2026/10/5,掲載情報あり
g-ChIJwSt7KszOUTURloQMURbyR9w,ハイジ,"https://www.google.com/maps/place/%E3%83%8F%E3%82%A4%E3%82%B8/@33.968633,133.278563,17z/data=!3m1!4b1!4m6!3m5!1s0x3551cecc2a7b2bc1:0xdc47f216510c8496!8m2!3d33.968633!4d133.278563!16s%2Fg%2F1tdyt5hz?entry=ttu&g_ep=EgoyMDI2MDkzMC4wIKXMDSoASAFQAw%3D%3D",2026/10/5,掲載情報あり
g-ChIJwUbQ5CzpTzURCwlsVnyQIc0,蔵グルメあこう,https://tabelog.com/ehime/A3801/A380103/38001305/,2026/10/5,掲載情報あり
g-ChIJwwTGhTJ5RTUROTCdQbyjYu8,山食堂,https://www.mapion.co.jp/phonebook/M01028/38207/G6746980-001/,2026/10/5,掲載情報あり
g-ChIJwY3ErGrdTzURiVE8I7TQLp8,やすまるキッチン,https://tabelog.com/ehime/A3801/A380102/38013609/,2026/10/5,掲載情報あり
g-ChIJWYCuCDp0TzURZpr9x7-xsJI,かつやま,https://tabelog.com/ehime/A3804/A380403/38012281/,2026/10/5,掲載情報あり
g-ChIJWYObQLGFTzURH9gkfX8gZxE,中華料理 かば忠,https://tabelog.com/ehime/A3803/A380303/38001747/,2026/10/5,掲載情報あり
g-ChIJX_tmSXpWTzURikknzilGJyQ,みかど食堂,https://tabelog.com/ehime/A3804/A380404/38010219/,2026/10/5,掲載情報あり
g-ChIJx5hKmE6RUTURjZYKCg3dUFU,パンダ,https://tabelog.com/ehime/A3802/A380204/38013660/,2026/10/5,掲載情報あり
g-ChIJX69e5mc6UDURkIgCO9w1TPk,こきんや,https://tabelog.com/ehime/A3802/A380201/38002271/,2026/10/5,掲載情報あり
g-ChIJXaMLhv3rTzURqnQaBLDsxo4,ちとせ食堂,https://tabelog.com/ehime/A3801/A380103/38007998/,2026/10/5,掲載情報あり
g-ChIJxasJDgA7UDUR1mVeLza247w,丸起,https://tabelog.com/ehime/A3802/A380201/38015775/,2026/10/5,掲載情報あり
g-ChIJXawqhnDAUTUR8Jl7FY_7-ZA,四川亭,https://tabelog.com/ehime/A3802/A380204/38001742/,2026/10/5,掲載情報あり
g-ChIJXbTfchqRUTURmVfxm251X6g,東麺照 一寛,https://tabelog.com/ehime/A3802/A380204/38014468/,2026/10/5,掲載情報あり
g-ChIJxd1niFvvTzURtAVNjApCkyw,味千拉麺 朝生田店,https://tabelog.com/ehime/A3801/A380101/38007851/,2026/10/5,掲載情報あり
g-ChIJxdxtQQDlTzURnidQV2D1yHM,中国料理 四川之門,https://tabelog.com/ehime/A3801/A380101/38015641/,2026/10/5,掲載情報あり
g-ChIJxSaou3CRUTURwbE2R5qF2KI,朝皆笑味,https://tabelog.com/ehime/A3802/A380204/38013799/,2026/10/5,掲載情報あり
g-ChIJxTwZOMbOUTURTIRz0qZcgkU,京珉,https://tabelog.com/ehime/A3802/A380203/38001722/,2026/10/5,掲載情報あり
g-ChIJxxft0ojlTzURVNSD0_-1bgQ,麺屋 勝十銭,https://tabelog.com/ehime/A3801/A380101/38007186/,2026/10/5,掲載情報あり
g-ChIJxYT89No7UDURO9wXZg0FURM,ラーメン道場,https://tabelog.com/ehime/A3802/A380201/38002090/,2026/10/5,掲載情報あり
g-ChIJy1m1IhnPUTURgL3ZNGFBFuU,らーめん みやび屋,https://tabelog.com/ehime/A3802/A380203/38011043/,2026/10/5,掲載情報あり
g-ChIJY3wUMi_nTzURkWHRUj5BTUk,笑夢,https://tabelog.com/ehime/A3801/A380102/38016140/,2026/10/5,掲載情報あり
g-ChIJy5_GJD-VUTURptIt6RddHT4,中華飯店 誉 ほまれ,https://tabelog.com/ehime/A3802/A380204/38015330/,2026/10/5,掲載情報あり
g-ChIJy6ENvFx5TzURSOKK7dR5l0U,ときわ食堂,https://tabelog.com/ehime/A3804/A380402/38010079/,2026/10/5,掲載情報あり
g-ChIJy873QhPvTzURreIiTQRLS3g,古川屋台ソウヅ,https://tabelog.com/ehime/A3801/A380101/38007304/,2026/10/5,掲載情報あり
g-ChIJY8eLGCgvUDUR03Q0tdmv9TU,豚太郎 東予店,https://tabelog.com/ehime/A3802/A380202/38006261/,2026/10/5,掲載情報あり
g-ChIJy8ELu2nOUTURZOU0IMxXrOQ,台湾料理 福銘源,https://tabelog.com/ehime/A3802/A380203/38007871/,2026/10/5,掲載情報あり
g-ChIJYbhOBgDlTzURQnOdNzVTGkM,麺屋 鮮太,https://machiraku.net/?p=10087,2026/10/5,要確認（掲載情報あり）
g-ChIJYcHETVLlTzURJM6Deqt2NGA,つけめん 真中（本店）,https://tabelog.com/ehime/A3801/A380101/38005383/,2026/10/5,掲載情報あり
g-ChIJyd9xaM76TzURc8dq1ZFlgC4,みなとや食堂,https://tabelog.com/ehime/A3801/A380101/38003916/,2026/10/5,掲載情報あり
g-ChIJyeLUSPPlTzUR5p6iPFffdyY,炎やらーめん,https://tabelog.com/ehime/A3801/A380101/38000057/,2026/10/5,掲載情報あり
g-ChIJyQmUuH46UDURJXNLNAMU2W4,麺舞 龍e,https://tabelog.com/ehime/A3802/A380201/38014824/,2026/10/5,掲載情報あり
g-ChIJYR905HxwTzUREoE5M33r7Z0,憩ふ食空間 風,https://tabelog.com/ehime/A3804/A380403/38005040/,2026/10/5,掲載情報あり
g-ChIJYT1KdTyRUTURd1uwMbXiB38,ミサオ商店,https://tabelog.com/ehime/A3802/A380204/38014052/,2026/10/5,掲載情報あり
g-ChIJYUH6W4blTzURP37OHNz6Hh8,俺のギョーザ,https://tabelog.com/ehime/A3801/A380103/38013600/,2026/10/5,掲載情報あり
g-ChIJyW_u7M_PUTUR8c-c-ygW_FE,横浜家系ラーメン 稲和家,https://tabelog.com/ehime/A3802/A380203/38013442/,2026/10/5,掲載情報あり
g-ChIJYXJ87pKXRTURa9zQRZ_67Ic,れすとらん風車,https://tabelog.com/ehime/A3803/A380302/38005248/,2026/10/5,掲載情報あり
g-ChIJYXQKT7GFTzURJCgrN73z5NY,りんすけ,https://tabelog.com/ehime/A3803/A380303/38000287/,2026/10/5,掲載情報あり
g-ChIJyxr2GHuDRTURrOu-8a7XMk4,丸山,https://tabelog.com/ehime/A3803/A380302/38001149/,2026/10/5,掲載情報あり
g-ChIJYY7-UcGATzURFwVGJ1lVYHg,十夜ヶ橋食堂,https://tabelog.com/ehime/A3803/A380301/38008149/,2026/10/5,掲載情報あり
g-ChIJYYbbvLzSUTURdfz1ZRIiZHc,毎日食堂,https://tabelog.com/ehime/A3802/A380202/38006402/,2026/10/5,掲載情報あり
g-ChIJYz49njKARTURWyjDNyEz_SY,豚太郎 平野店,https://www.dcity-ehime.com/syousai/main.asp?P_SNO=A0006872,2026/10/5,要確認（掲載情報あり）
g-ChIJZ1OcY106UDURZQZsWkSANG0,〇の,https://tabelog.com/ehime/A3802/A380201/38010369/,2026/10/5,掲載情報あり
g-ChIJz2VbHVbPUTURxjU8YgyIHyg,中華そば 居酒屋 うらめしや～,インスタ,2026/10/5,掲載情報あり
g-ChIJz38EEaA7UDUR3HVVLQdNZIU,GLOW,https://www.snackyokocho.com/snack/22992/,2026/10/5,要確認（掲載情報あり）
g-ChIJz3rxRe7lTzUR2uvNrnD8A7o,萬楽 塩田屋,https://tabelog.com/ehime/A3801/A380101/38005431/,2026/10/5,掲載情報あり
g-ChIJz5F-eFfvTzURHNfPjHNmPBQ,リンガーハット イオン松山店,https://tabelog.com/ehime/A3801/A380101/38011375/,2026/10/5,掲載情報あり
g-ChIJz6nTcvPvTzURFuc8v2kZH0I,ラーメン自販機 oh28ya松山店 家系/二郎系,,2026/10/5,掲載情報あり
g-ChIJz8xAsILSUTUR9baxkODGzf4,ごはんどき 西条店,https://tabelog.com/ehime/A3802/A380202/38009292/,2026/10/5,掲載情報あり
g-ChIJZa1Zv9rSUTUR4_MtSsSg9AE,こんなもん屋,https://tabelog.com/ehime/A3802/A380202/38007949/,2026/10/5,掲載情報あり
g-ChIJzbs659yDRTURJ9uWA0beuiQ,平家谷そうめん流し,https://tabelog.com/ehime/A3803/A380302/38004625/,2026/10/5,掲載情報あり
g-ChIJzROZBgDlTzURRB64ce3eXLI,だし川うま吉【不定休】,https://tabelog.com/ehime/A3801/A380101/38017037/,2026/10/5,掲載情報あり
g-ChIJzVFW4ZnvTzURLwDWBazhTsM,中国料理 香港,https://tabelog.com/ehime/A3801/A380101/38000588/,2026/10/5,掲載情報あり
g-ChIJzVxgQVCRUTURYGmAZigZEbw,料亭 即今,https://tabelog.com/ehime/A3802/A380204/38000787/,2026/10/5,掲載情報あり
g-ChIJZWDXYxPPUTURUPTf5ePlvuQ,来来亭 新居浜店,https://tabelog.com/ehime/A3802/A380203/38010397/,2026/10/5,掲載情報あり
g-ChIJZWja2EWDRTURALRu--eaB7I,食堂ごりらくん,https://tabelog.com/ehime/A3803/A380302/38005840/,2026/10/5,掲載情報あり
g-ChIJzwN8iUGUUTURC4CGPlMKgA4,いせき食堂,https://note.com/brave_duck832/n/n711217062c75,2026/10/5,要確認（掲載情報あり）
g-ChIJZxsmTMPlTzURI-JYVI3Kt4E,太養軒,https://tabelog.com/ehime/A3801/A380101/38005391/,2026/10/5,掲載情報あり
g-ChIJZzHonX05UDURfKYoRGp71ps,あかさき食堂,https://tabelog.com/ehime/A3802/A380201/38007382/dtlrvwlst/,2026/10/5,要確認（掲載情報あり）
g-ChIJZzvJg73lTzURDbFmvJTtm6s,中華飯店 鳳来,https://tabelog.com/ehime/A3801/A380101/38001687/,2026/10/5,掲載情報あり
manual-mogumogura,もぐもぐら,https://tabelog.com/ehime/A3802/A380201/38017111/,2026/10/5,掲載情報あり
osm-n10203839326,八平,https://tabelog.com/ehime/A3802/A380201/38011678/,2026/10/5,掲載情報あり
osm-n10275126705,横浜家系ラーメン一門家 大街道店,https://tabelog.com/ehime/A3801/A380101/38012794/,2026/10/5,掲載情報あり
osm-n10314032064,生守ラーメン,https://tabelog.com/ehime/A3802/A380202/38012724/,2026/10/5,掲載情報あり
osm-n10605774688,餃子 のぶ,https://tabelog.com/ehime/A3801/A380101/38009907/,2026/10/5,掲載情報あり
osm-n10681345782,中華麺飯茶屋 佳,https://tabelog.com/ehime/A3802/A380203/38013171/,2026/10/5,掲載情報あり
osm-n11422947210,丸源ラーメン今治店,https://tabelog.com/ehime/A3802/A380201/38014264/,2026/10/5,掲載情報あり
osm-n11527404085,ラーメンショップ KANTOチェーン野間店,https://tabelog.com/ehime/A3802/A380201/38008690/,2026/10/5,掲載情報あり
osm-n11527413036,俺のラーメン,https://tabelog.com/ehime/A3802/A380201/38009428/,2026/10/5,掲載情報あり
osm-n11559743688,久留米とんこつラーメン 松山分校,https://tabelog.com/ehime/A3801/A380101/38000137/,2026/10/5,掲載情報あり
osm-n11814665969,天下一品,https://tabelog.com/ehime/A3802/A380203/38006406/,2026/10/5,掲載情報あり
osm-n11936672019,和歌山らーめん らぐまん,https://tabelog.com/ehime/A3804/A380401/38000247/,2026/10/5,掲載情報あり
osm-n11936672053,中国亭,https://tabelog.com/ehime/A3804/A380401/38001469/,2026/10/5,掲載情報あり
osm-n12161936305,久万山食堂,https://tabelog.com/ehime/A3803/A380304/38015817/,2026/10/5,掲載情報あり
osm-n12208660713,中華旬彩 西尾,,2026/10/5,掲載情報あり
osm-n12269045004,中華料理 幸楽,https://tabelog.com/ehime/A3804/A380402/38007007/,2026/10/5,掲載情報あり
osm-n12365032866,大阪王将,https://tabelog.com/ehime/A3804/A380401/38009587/,2026/10/5,掲載情報あり
osm-n12709583673,しらす食堂,https://tabelog.com/ehime/A3803/A380302/38013412/,2026/10/5,掲載情報あり
osm-n12848296788,リンガーハット,https://tabelog.com/ehime/A3801/A380103/38006314/,2026/10/5,掲載情報あり
osm-n13189759734,ラーメンショップ フライブルク店,https://tabelog.com/ehime/A3801/A380101/38000132/,2026/10/5,掲載情報あり
osm-n13189759750,ラーメンショップ KANTOチェーン西四国本部,https://tabelog.com/ehime/A3802/A380201/38007409/,2026/10/5,掲載情報あり
osm-n13744174061,ラーメン凩,https://tabelog.com/ehime/A3804/A380401/38012318/,2026/10/5,掲載情報あり
osm-n13904181616,奉天,https://tabelog.com/ehime/A3804/A380401/38009107/,2026/10/5,掲載情報あり
osm-n13904181632,いごっそ,https://tabelog.com/ehime/A3804/A380401/38007295/,2026/10/5,掲載情報あり
osm-n13954951301,麺鮮醤油房 周月,,2026/10/5,既存値を保持
osm-n2182962658,豚太郎 新居浜店,https://tabelog.com/ehime/A3802/A380203/38008075/,2026/10/5,掲載情報あり
osm-n2182966393,からし屋,https://tabelog.com/ehime/A3802/A380203/38003347/,2026/10/5,掲載情報あり
osm-n2201048594,麺や吉村 磯浦店,,2026/10/5,既存値を保持
osm-n2305044388,ラーメン来来亭 松山大前店,,2026/10/5,既存値を保持
osm-n2305778256,かめ福,https://tabelog.com/ehime/A3801/A380101/38002070/,2026/10/5,掲載情報あり
osm-n2306396513,さくら食堂,https://tabelog.com/ehime/A3801/A380101/38008041/,2026/10/5,掲載情報あり
osm-n2308403680,りょう花 フライブルク店,https://tabelog.com/ehime/A3801/A380101/38007009/,2026/10/5,掲載情報あり
osm-n2385772454,食堂はなみずきごはんや,https://tabelog.com/ehime/A3801/A380101/38004763/,2026/10/5,掲載情報あり
osm-n2385956566,来来亭,https://tabelog.com/ehime/A3801/A380101/38008968/,2026/10/5,掲載情報あり
osm-n2385960074,チャイナハウスすけろく 小栗店,https://tabelog.com/ehime/A3801/A380101/38009925/,2026/10/5,掲載情報あり
osm-n2386739845,らーめん工房りょう花松前店,https://tabelog.com/ehime/A3801/A380103/38005398/,2026/10/5,掲載情報あり
osm-n2386756946,豚太郎松前店,https://tabelog.com/ehime/A3801/A380103/38000195/,2026/10/5,掲載情報あり
osm-n2387958471,ラーメン 一興 鷹子店,https://korepano.jp/web/ikkou-takanoko/,2026/10/5,掲載情報あり
osm-n2441099695,こだわりラーメン海鮮とんこつ家,https://tabelog.com/ehime/A3801/A380101/38001078/,2026/10/5,掲載情報あり
osm-n2441105205,中華つけ麺大王,https://tabelog.com/ehime/A3801/A380101/38005160/,2026/10/5,掲載情報あり
osm-n4593625390,豚太郎砥部店,https://tabelog.com/ehime/A3801/A380103/38005434/,2026/10/5,掲載情報あり
osm-n4716843160,ぎやまん亭,,2026/10/5,既存値を保持
osm-n5266225899,多賀屋食堂,https://tabelog.com/ehime/A3802/A380203/38004429/,2026/10/5,掲載情報あり
osm-n5907316483,豚太郎北条店,https://tabelog.com/ehime/A3801/A380101/38009011/,2026/10/5,掲載情報あり
osm-n6363720469,豚太郎 久米店,,2026/10/5,要確認（未確認）
osm-n6980180437,さんわ,https://tabelog.com/ehime/A3802/A380201/38001018/,2026/10/5,掲載情報あり
osm-n7023064536,三和食堂,https://tabelog.com/ehime/A3803/A380302/38008286/,2026/10/5,掲載情報あり
osm-n7023076989,どーや食堂,https://tabelog.com/ehime/A3803/A380302/38010080/,2026/10/5,掲載情報あり
osm-n7023212929,ロンドン,https://tabelog.com/ehime/A3803/A380302/38001147/,2026/10/5,掲載情報あり
osm-n7023308270,清家食堂,https://tabelog.com/ehime/A3803/A380302/38005148/,2026/10/5,掲載情報あり
osm-n7555880212,台湾創作キッチンRyu,https://tabelog.com/ehime/A3804/A380401/38006022/,2026/10/5,掲載情報あり
osm-n8202430157,喜多方ラーメン 麺小町 今治店,https://tabelog.com/ehime/A3802/A380201/38005437/,2026/10/5,掲載情報あり
osm-n8204027599,ごくうs,https://tabelog.com/ehime/A3802/A380201/38000155/,2026/10/5,掲載情報あり
osm-n8226539068,辛麺屋 桝元,https://tabelog.com/ehime/A3802/A380201/38012932/,2026/10/5,掲載情報あり
osm-n8236246319,公園堂食堂,https://tabelog.com/ehime/A3802/A380201/38006246/,2026/10/5,掲載情報あり
osm-n8236301077,かねと食堂,https://tabelog.com/ehime/A3802/A380201/38000824/,2026/10/5,掲載情報あり
osm-n8244379251,源氏車,https://tabelog.com/ehime/A3801/A380101/38006437/,2026/10/5,掲載情報あり
osm-n8252622178,ラーメンショップ 市場店,https://tabelog.com/ehime/A3802/A380201/38007612/,2026/10/5,掲載情報あり
osm-n8252656518,麺食堂 とまと,https://tabelog.com/ehime/A3802/A380201/38004745/,2026/10/5,掲載情報あり
osm-n8254952344,檜垣食堂,https://tabelog.com/ehime/A3802/A380201/38007845/,2026/10/5,掲載情報あり
osm-n8256307943,生香楼,https://tabelog.com/ehime/A3802/A380201/38010191/,2026/10/5,掲載情報あり
osm-n8256470931,麺屋 武吉,https://tabelog.com/ehime/A3802/A380201/38001449/,2026/10/5,掲載情報あり
osm-n8257953286,翔龍,https://tabelog.com/ehime/A3802/A380201/38012830/,2026/10/5,掲載情報あり
osm-n8267499637,重松飯店,https://tabelog.com/ehime/A3802/A380201/38000101/,2026/10/5,掲載情報あり
osm-n8288823645,にじいろ食堂,https://tabelog.com/ehime/A3802/A380201/38007618/,2026/10/5,掲載情報あり
osm-n8288889733,骨太味覚 桜井店,https://tabelog.com/ehime/A3802/A380201/38010742/,2026/10/5,掲載情報あり
osm-n8292222174,ときわ食堂,https://tabelog.com/ehime/A3802/A380201/38003862/,2026/10/5,掲載情報あり
osm-n8292616460,福寿園,https://tabelog.com/ehime/A3802/A380201/38007139/,2026/10/5,掲載情報あり
osm-n8314578551,中華料理 福龍,https://tabelog.com/ehime/A3802/A380201/38001695/,2026/10/5,掲載情報あり
osm-n8315503581,白龍,https://tabelog.com/ehime/A3802/A380201/38000991/,2026/10/5,掲載情報あり
osm-n8315503592,中華そば 阿部,https://tabelog.com/ehime/A3802/A380201/38007053/,2026/10/5,掲載情報あり
osm-n8323931369,歌町,https://tabelog.com/ehime/A3802/A380201/38007014/,2026/10/5,掲載情報あり
osm-n8430959261,麺屋 田所商店 西条店,https://tabelog.com/ehime/A3802/A380202/38011881/,2026/10/5,掲載情報あり
osm-n9718648379,愛南市場食堂,https://tabelog.com/ehime/A3804/A380404/38007391/,2026/10/5,掲載情報あり
osm-w1168234816,味源,https://tabelog.com/ehime/A3802/A380204/38009472/,2026/10/5,掲載情報あり
osm-w1272055841,新居浜昭和通り食堂,https://www.bmfactory.co.jp/shop/ehime/niihama_showa.html,2026/10/5,掲載情報あり
osm-w1272396756,丸源ラーメン,https://tabelog.com/ehime/A3802/A380203/38013710/,2026/10/5,掲載情報あり
osm-w1307422631,北京飯店,https://tabelog.com/ehime/A3801/A380101/38001207/,2026/10/5,掲載情報あり
osm-w1434978177,ラーメンショップ R56店,https://tabelog.com/ehime/A3801/A380103/38000316/,2026/10/5,掲載情報あり
osm-w1434979125,ラーメンショップ 11号バイパス店,https://tabelog.com/ehime/A3801/A380102/38007814/,2026/10/5,掲載情報あり
osm-w1434979126,ラーメンショップ 川内店,https://tabelog.com/ehime/A3801/A380102/38010368/,2026/10/5,掲載情報あり
osm-w1434979127,ラーメンショップ 東予店,https://tabelog.com/ehime/A3802/A380202/38001282/,2026/10/5,掲載情報あり
osm-w1434979128,ラーメンショップ 西条東店,https://tabelog.com/ehime/A3802/A380202/38010783/,2026/10/5,掲載情報あり
osm-w1434979129,ラーメンショップ 三島店,https://tabelog.com/ehime/A3802/A380204/38010360/,2026/10/5,掲載情報あり
osm-w1442586905,りょう花 新居浜店,https://tabelog.com/ehime/A3802/A380203/38008718/,2026/10/5,掲載情報あり
osm-w1451130602,蓬莱閣,https://tabelog.com/ehime/A3802/A380202/38016571/peripheral_map/,2026/10/5,掲載情報あり
osm-w1495311508,若水飯店,https://tabelog.com/ehime/A3801/A380101/38002804/,2026/10/5,掲載情報あり
osm-w1498210928,チャイナハウス すけろく,https://www.hotpepper.jp/strJ000545878/,2026/10/5,掲載情報あり
osm-w230964592,天下一品 土居田店,https://tabelog.com/ehime/A3801/A380101/38000335/,2026/10/5,掲載情報あり
osm-w305044128,ラーメンショップ 銀天街店,https://tabelog.com/ehime/A3801/A380101/38000131/,2026/10/5,掲載情報あり
osm-w407607874,天下一品四国中央店,https://tabelog.com/ehime/A3802/A380204/38006192/,2026/10/5,掲載情報あり
osm-w464219416,丸源ラーメン松山インター店,https://tabelog.com/ehime/A3801/A380101/38009594/,2026/10/5,掲載情報あり
osm-w525065622,みなと食堂,https://tabelog.com/ehime/A3801/A380101/38001571/,2026/10/5,掲載情報あり
osm-w607355673,ラーメンショップKANTO大洲店,https://tabelog.com/ehime/A3803/A380301/38009610/,2026/10/5,掲載情報あり
osm-w612765302,ラーメンショップKANTO 双海店,https://tabelog.com/ehime/A3801/A380103/38010984/,2026/10/5,掲載情報あり
osm-w636158091,大黒屋飯店,https://tabelog.com/ehime/A3802/A380201/38000913/,2026/10/5,掲載情報あり
osm-w806278288,シルクロード,https://ehimesasurai.blog.jp/archives/53809126.html,2026/10/5,要確認（掲載情報あり）
osm-w806282867,白楽天,https://tabelog.com/ehime/A3802/A380201/38000122/,2026/10/5,掲載情報あり
osm-w806293311,豚太郎 今治店,,2026/10/5,要確認（未確認）
osm-w806303052,武夷山,https://tabelog.com/ehime/A3802/A380201/38006934/,2026/10/5,掲載情報あり
osm-w806314037,桃仙楼,https://tabelog.com/ehime/A3802/A380201/38015706/,2026/10/5,掲載情報あり
osm-w806362857,りょう花 今治店,https://tabelog.com/ehime/A3802/A380201/38000128/,2026/10/5,掲載情報あり
osm-w806387242,彩鳳,https://tabelog.com/ehime/A3802/A380201/38006547/,2026/10/5,掲載情報あり
osm-w806420430,長安,https://tabelog.com/ehime/A3802/A380201/38000104/,2026/10/5,掲載情報あり
osm-w806424880,久留米ラーメン光屋,https://tabelog.com/ehime/A3802/A380201/38005273/,2026/10/5,掲載情報あり
osm-w806460114,ラーメンなる,https://tabelog.com/ehime/A3802/A380201/38011143/,2026/10/5,掲載情報あり
osm-w879605108,蓬莱閣,https://tabelog.com/ehime/A3802/A380201/38001703/,2026/10/5,掲載情報あり
osm-w880153168,榕城,https://tabelog.com/ehime/A3802/A380201/38014265/,2026/10/5,掲載情報あり
osm-w880914542,揚子江,https://tabelog.com/ehime/A3802/A380201/38009542/,2026/10/5,掲載情報あり
osm-w880917293,ラーメンハウス ミニ鳥生店,https://tabelog.com/ehime/A3802/A380201/38006548/,2026/10/5,掲載情報あり
osm-w881949796,中華そば うまてつ,https://tabelog.com/ehime/A3802/A380201/38012631/,2026/10/5,掲載情報あり
osm-w884615813,錦海楼,https://tabelog.com/ehime/A3802/A380201/38000100/,2026/10/5,掲載情報あり
rdb-100266,地鶏白醤油拉麺 鶏真 大街道店,https://tabelog.com/ehime/A3801/A380101/38010592/,2026/10/5,掲載情報あり
rdb-100854,中国料理 白龍,https://tabelog.com/ehime/A3802/A380201/38000991/,2026/10/5,掲載情報あり
rdb-108064,本場中華料理 長楽,https://tabelog.com/ehime/A3801/A380101/38001663/,2026/10/5,掲載情報あり
rdb-109161,万寿,https://tabelog.com/ehime/A3801/A380101/38011427/,2026/10/5,掲載情報あり
rdb-109964,麺場 田所商店 新空港通り店,https://tabelog.com/ehime/A3801/A380101/38012474/,2026/10/5,掲載情報あり
rdb-110997,辛麺kitchen 彩,https://tabelog.com/ehime/A3801/A380101/38012749/,2026/10/5,掲載情報あり
rdb-114518,チャイナ大岩 フジグラン松山店,https://tabelog.com/ehime/A3801/A380101/38012694/,2026/10/5,掲載情報あり
rdb-118036,辛麺屋 桝元 松山店,https://tabelog.com/ehime/A3801/A380101/38000349/,2026/10/5,掲載情報あり
rdb-120587,中華菜飯 愛華,,2026/10/5,要確認（未確認）
rdb-121506,餃子の王将 松山南久米店,https://tabelog.com/ehime/A3801/A380101/38010128/,2026/10/5,掲載情報あり
rdb-121960,餃子の王将 パルティ・フジ衣山店,https://tabelog.com/ehime/A3801/A380101/38010596/,2026/10/5,掲載情報あり
rdb-122499,本格中華料理 奉天,https://tabelog.com/ehime/A3804/A380401/38009107/,2026/10/5,掲載情報あり
rdb-124080,中華料理 長安,https://tabelog.com/ehime/A3802/A380201/38000104/,2026/10/5,掲載情報あり
rdb-124183,中華そば 京楽軒,https://tabelog.com/ehime/A3802/A380201/38008351/,2026/10/5,掲載情報あり
rdb-126548,辛麺kitchen 彩 山西店,https://tabelog.com/ehime/A3801/A380101/38013439/,2026/10/5,掲載情報あり
rdb-126592,拉麺酒場 乙,https://tabelog.com/ehime/A3801/A380101/38013579/,2026/10/5,掲載情報あり
rdb-131622,中華料理 梁山泊 共栄町店,https://tabelog.com/ehime/A3802/A380201/38002811/,2026/10/5,掲載情報あり
rdb-133749,ラーメン源骨,https://tabelog.com/ehime/A3801/A380101/38013856/,2026/10/5,掲載情報あり
rdb-137984,四川料理 龍の子,https://tabelog.com/ehime/A3801/A380101/38014086/,2026/10/5,掲載情報あり
rdb-138885,中華そば 鶴姫,https://tabelog.com/ehime/A3803/A380304/38014116/,2026/10/5,掲載情報あり
rdb-150777,お食事処 瀬戸,https://tabelog.com/ehime/A3801/A380101/38008513/,2026/10/5,掲載情報あり
rdb-151187,麺屋 颯 今治店,https://tabelog.com/ehime/A3802/A380201/38015137/,2026/10/5,掲載情報あり
rdb-151188,中華飯店 ごくう,https://tabelog.com/ehime/A3802/A380201/38000155/,2026/10/5,掲載情報あり
rdb-152574,元帥 平和通り店,https://tabelog.com/ehime/A3801/A380101/38001006/,2026/10/5,要確認（掲載情報あり）
rdb-153715,らーめん おが多 二番町店,https://tabelog.com/ehime/A3801/A380101/38015148/,2026/10/5,掲載情報あり
rdb-154705,お食事処 川志,https://tabelog.com/ehime/A3802/A380201/38009340/,2026/10/5,掲載情報あり
rdb-155257,いりの亭 入野パーキングエリア上り店,https://tabelog.com/ehime/A3802/A380204/38013014/,2026/10/5,掲載情報あり
rdb-156659,麺屋 颯,https://tenposstar.com/ja/merchant/6622123095b9d,2026/10/5,要確認（掲載情報あり）
rdb-156926,馬立パーキングエリア 上り,https://tabelog.com/ehime/A3802/A380204/38006421/,2026/10/5,掲載情報あり
rdb-157062,辛麺 kitchen 彩 二番町店,https://tabelog.com/ehime/A3801/A380101/38015584/,2026/10/5,掲載情報あり
rdb-157557,麺 一,https://tabelog.com/ehime/A3801/A380101/38013748/,2026/10/5,掲載情報あり
rdb-159200,LANTAN,https://tabelog.com/ehime/A3801/A380101/38015881/,2026/10/5,掲載情報あり
rdb-160382,凩紋二郎,https://tabelog.com/ehime/A3804/A380401/38015962/,2026/10/5,掲載情報あり
rdb-161479,中華料理 潯陽,https://tabelog.com/ehime/A3802/A380201/38015308/,2026/10/5,掲載情報あり
rdb-163493,天領 二番町店,https://tabelog.com/ehime/A3801/A380101/38016204/,2026/10/5,掲載情報あり
rdb-164374,笑福,インスタ,2026/10/5,掲載情報あり
rdb-164512,一風堂 エミフルMASAKI,https://tabelog.com/ehime/A3801/A380103/38014096/,2026/10/5,掲載情報あり
rdb-165706,うさぎ家,https://tabelog.com/ehime/A3801/A380101/38016386/,2026/10/5,掲載情報あり
rdb-168235,せるすた秘密基地食堂,https://tabelog.com/ehime/A3802/A380201/38016648/,2026/10/5,掲載情報あり
rdb-168651,ゴールデンゴリラ,https://tabelog.com/ehime/A3801/A380101/38016476/,2026/10/5,掲載情報あり
rdb-173409,ラー麺ずんどう屋 松山問屋町店,https://zundouya.com/news/8504,2026/10/5,掲載情報あり
rdb-173414,55China 大街道店,,2026/10/5,要確認（未確認）
rdb-173558,森店,https://tabelog.com/ehime/A3801/A380103/38005312/,2026/10/5,掲載情報あり
rdb-173658,麺工房 遥海,https://tabelog.com/ehime/A3801/A380101/38017121/,2026/10/5,掲載情報あり
rdb-22192,丸山ちゃんぽん,https://tabelog.com/ehime/A3803/A380302/38001149/,2026/10/5,掲載情報あり
rdb-26036,丸源ラーメン 松山中央通り店,https://tabelog.com/ehime/A3801/A380101/38006546/,2026/10/5,掲載情報あり
rdb-26587,マリンオアシス はかた,https://tabelog.com/ehime/A3802/A380201/38001392/,2026/10/5,掲載情報あり
rdb-58591,大澤麺工房 一葵,https://tabelog.com/ehime/A3801/A380101/38007145/,2026/10/5,掲載情報あり
rdb-63851,ラーメンショップ 小松店,https://tabelog.com/ehime/A3802/A380202/38008904/,2026/10/5,掲載情報あり
rdb-63916,フジ観光,https://tabelog.com/ehime/A3803/A380302/38001171/,2026/10/5,掲載情報あり
rdb-71307,一天張,https://tabelog.com/ehime/A3801/A380101/38000893/,2026/10/5,掲載情報あり
rdb-7213,博多一風堂 松山店,https://tabelog.com/ehime/A3801/A380101/38000365/,2026/10/5,掲載情報あり
rdb-78024,風風亭 樽味本店,https://tabelog.com/ehime/A3801/A380101/38000409/,2026/10/5,掲載情報あり
rdb-86674,横浜家系らーめん 黒帯,https://tabelog.com/ehime/A3801/A380101/38010868/,2026/10/5,掲載情報あり
rdb-95928,食房 夢而今,https://tabelog.com/ehime/A3801/A380101/38008182/,2026/10/5,掲載情報あり
rdb-97456,びいどろ,https://tabelog.com/ehime/A3801/A380101/38001433/,2026/10/5,掲載情報あり
rdb-99417,Chef's kitchen (松山空港),https://tabelog.com/ehime/A3801/A380101/38011778/,2026/10/5,掲載情報あり
rdb-99854,豚太郎 松山駅前通り店,https://tabelog.com/ehime/A3801/A380101/38011925/,2026/10/5,掲載情報あり
rdb-99977,博多ラーメン 大郷 大洲本店,https://tabelog.com/ehime/A3803/A380301/38002109/,2026/10/5,掲載情報あり
