id,name,city,instagram,tabelog_score,tabelog_count,tabelog_url,rdb_score,rdb_count,rdb_url,retty_score,retty_count,retty_url,hotpepper_score,hotpepper_count,hotpepper_url
osm-n13904553782,いそべ食堂,愛南町,,,,,,,,,,,,,
osm-w1012999465,ゆうき食堂,愛南町,,,,,,,,,,,,,
osm-n9718648379,市場食堂,愛南町,,,,,,,,,,,,,
osm-w1057687279,市場食堂,愛南町,,,,,,,,,,,,,
osm-n12709583673,しらす食堂,伊方町,,,,,,,,,,,,,
osm-w612765302,ラーメンショップKANTO 双海店,伊予市,,,,,,,,,,,,,
osm-n13904181632,いごっそ,宇和島市,,,,,,,,,,,,,
osm-n12189392385,くら寿司,宇和島市,,,,,,,,,,,,,
osm-n12223988442,スシロー,宇和島市,,,,,,,,,,,,,
osm-n12032835645,にこにこ食堂,宇和島市,,,,,,,,,,,,,
osm-n13744174061,ラーメン凩,宇和島市,,,,,,,,,,,,,
osm-n7555880212,台湾創作キッチンRyu,宇和島市,,,,,,,,,,,,,
osm-n12365032866,大阪王将,宇和島市,,,,,,,,,,,,,
osm-n11936672053,中国亭,宇和島市,,,,,,,,,,,,,
osm-n13904181616,奉天,宇和島市,,,,,,,,,,,,,
osm-n11936672019,和歌山らーめん らぐまん,宇和島市,,,,,,,,,,,,,
osm-n12161936305,久万山食堂,久万高原町,,,,,,,,,,,,,
osm-n8236301077,かねと食堂,今治市,,,,,,,,,,,,,
osm-n4716843160,ぎやまん亭,今治市,,,,,,,,,,,,,
osm-w806280234,くら寿司,今治市,,,,,,,,,,,,,
osm-n8204027599,ごくうs,今治市,,,,,,,,,,,,,
osm-n6980180437,さんわ,今治市,,,,,,,,,,,,,
osm-w806278288,シルクロード,今治市,,,,,,,,,,,,,
osm-w806280238,スシロー,今治市,,,,,,,,,,,,,
osm-n8256470936,つけ麺屋 若鶴丸,今治市,,,,,,,,,,,,,
osm-n8292222174,ときわ食堂,今治市,,,,,,,,,,,,,
osm-n8288823645,にじいろ食堂,今治市,,,,,,,,,,,,,
osm-w887783806,はま寿司,今治市,,,,,,,,,,,,,
osm-n13189759750,ラーメンショップ KANTOチェーン西四国本部,今治市,,,,,,,,,,,,,
osm-n11527404085,ラーメンショップ KANTOチェーン野間店,今治市,,,,,,,,,,,,,
osm-n8252622178,ラーメンショップ 市場店,今治市,,,,,,,,,,,,,
osm-w806460114,ラーメンなる,今治市,,,,,,,,,,,,,
osm-w880917293,ラーメンハウス,今治市,,,,,,,,,,,,,
osm-n8202015737,ラーメン今治一興,今治市,,,,,,,,,,,,,
osm-w806362857,りょう花 今治店,今治市,,,,,,,,,,,,,
osm-n11527413036,俺のラーメン,今治市,,,,,,,,,,,,,
osm-n8323931369,歌町,今治市,,,,,,,,,,,,,
osm-n8288823558,海海ラーメン,今治市,,,,,,,,,,,,,
osm-n11422947210,丸源ラーメン今治店,今治市,,,,,,,,,,,,,
osm-n8202430157,喜多方ラーメン 麺小町 今治店,今治市,,,,,,,,,,,,,
osm-w806424880,久留米ラーメン光屋,今治市,,,,,,,,,,,,,
osm-w884615813,錦海楼,今治市,,,,,,,,,,,,,
osm-n8236246319,公園堂食堂,今治市,,,,,,,,,,,,,
osm-n8288889733,骨太味覚 桜井店,今治市,,,,,,,,,,,,,
osm-n8321885045,彩菜食堂,今治市,,,,,,,,,,,,,
osm-w806387242,彩鳳,今治市,,,,,,,,,,,,,
osm-n8223775370,咲かす食堂,今治市,,,,,,,,,,,,,
osm-w806267488,三日月食堂,今治市,,,,,,,,,,,,,
osm-n8252622155,車屋食堂,今治市,,,,,,,,,,,,,
osm-n8267499637,重松飯店,今治市,,,,,,,,,,,,,
osm-w806437365,新福菜館,今治市,,,,,,,,,,,,,
osm-n8226539068,辛麺屋 桝元,今治市,,,,,,,,,,,,,
osm-n8256307943,生香楼,今治市,,,,,,,,,,,,,
osm-w636158091,大黒屋飯店,今治市,,,,,,,,,,,,,
osm-w636160718,大阪王将,今治市,,,,,,,,,,,,,
osm-w881949796,中華そば うまてつ,今治市,,,,,,,,,,,,,
osm-n8315503592,中華そば 阿部,今治市,,,,,,,,,,,,,
osm-n10970862805,中華そば 千,今治市,,,,,,,,,,,,,
osm-w806420430,長安,今治市,,,,,,,,,,,,,
osm-w806314037,桃仙楼,今治市,,,,,,,,,,,,,
osm-w806293311,豚太郎 今治東店,今治市,,,,,,,,,,,,,
osm-w806282867,白楽天,今治市,,,,,,,,,,,,,
osm-n8315503581,白龍,今治市,,,,,,,,,,,,,
osm-n10203839326,八平,今治市,,,,,,,,,,,,,
osm-w806303052,武夷山,今治市,,,,,,,,,,,,,
osm-n8292616460,福寿園,今治市,,,,,,,,,,,,,
osm-n8314578551,福龍,今治市,,,,,,,,,,,,,
osm-w879605108,蓬莱閣,今治市,,,,,,,,,,,,,
osm-n8256470931,麺屋 武吉,今治市,,,,,,,,,,,,,
osm-n8252656518,麺食堂 とまと,今治市,,,,,,,,,,,,,
osm-w880914542,揚子江,今治市,,,,,,,,,,,,,
osm-n8254952344,檜垣食堂,今治市,,,,,,,,,,,,,
osm-w880153168,榕城,今治市,,,,,,,,,,,,,
osm-n8257953286,翔龍,今治市,,,,,,,,,,,,,
osm-w407607156,スシロー四国中央店,四国中央市,,,,,,,,,,,,,
osm-w1434979129,ラーメンショップ 三島店,四国中央市,,,,,,,,,,,,,
osm-w407607874,天下一品四国中央店,四国中央市,,,,,,,,,,,,,
osm-w1168234816,味源,四国中央市,,,,,,,,,,,,,
osm-n2305778256,かめ福,松山市,,,,,,,,,,,,,
osm-w1242616632,くら寿司,松山市,,,,,,,,,,,,,
osm-n2387092821,くら寿司松山枝松店,松山市,,,,,,,,,,,,,
osm-n2441099695,こだわりラーメン海鮮とんこつ家,松山市,,,,,,,,,,,,,
osm-n2386984914,こだわりらーめん元気いちばん亭余戸店,松山市,,,,,,,,,,,,,
osm-n5025570564,ごはん泥棒,松山市,,,,,,,,,,,,,
osm-n2306396513,さくら食堂,松山市,,,,,,,,,,,,,
osm-n11559743711,スシロー,松山市,,,,,,,,,,,,,
osm-w386594697,スシロー,松山市,,,,,,,,,,,,,
osm-w443689862,スシロー,松山市,,,,,,,,,,,,,
osm-w1498210928,チャイナハウス すけろく,松山市,,,,,,,,,,,,,
osm-n2385960074,チャイナハウスすけろく 小栗店,松山市,,,,,,,,,,,,,
osm-n2385962867,はま寿司,松山市,,,,,,,,,,,,,
osm-n5926081885,ひょうげつ,松山市,,,,,,,,,,,,,
osm-w525065622,みなと食堂,松山市,,,,,,,,,,,,,
osm-n2387958471,ラーメン 一興 鷹子店,松山市,,,,,,,,,,,,,
osm-n2385773008,ラーメンく～た はなみずき店,松山市,,,,,,,,,,,,,
osm-n13189759734,ラーメンショップ フライブルク店,松山市,,,,,,,,,,,,,
osm-w305044128,ラーメンショップ 銀天街店,松山市,,,,,,,,,,,,,
osm-w625669744,ラーメンショップ北条店,松山市,,,,,,,,,,,,,
osm-n2306394957,らーめん佐武家,松山市,,,,,,,,,,,,,
osm-n2305044388,ラーメン来来亭 松山大前店,松山市,,,,,,,,,,,,,
osm-w505954491,らーめん萬楽　南高井店,松山市,,,,,,,,,,,,,
osm-n2308403680,りょう花,松山市,,,,,,,,,,,,,
osm-n13866539537,伊予食堂おとら,松山市,,,,,,,,,,,,,
osm-n10275126705,横浜家系ラーメン一門家　大街道店,松山市,,,,,,,,,,,,,
osm-n2210736952,花へんろ,松山市,,,,,,,,,,,,,
osm-w464219416,丸源ラーメン松山インター店,松山市,,,,,,,,,,,,,
osm-n11559743688,久留米とんこつラーメン 松山分校,松山市,,,,,,,,,,,,,
osm-n8244379251,源氏車,松山市,,,,,,,,,,,,,
osm-n2306397771,骨太,松山市,,,,,,,,,,,,,
osm-w1495311508,若水飯店,松山市,,,,,,,,,,,,,
osm-n2385772454,食堂はなみずきごはんや,松山市,,,,,,,,,,,,,
osm-n2302469295,大阪王将,松山市,,,,,,,,,,,,,
osm-n5929052187,大地の母,松山市,,,,,,,,,,,,,
osm-n2441105205,中華つけ麺大王,松山市,,,,,,,,,,,,,
osm-n11422763379,長春亭,松山市,,,,,,,,,,,,,
osm-n6360303763,天下一品,松山市,,,,,,,,,,,,,
osm-w230964592,天下一品 土居田店,松山市,,,,,,,,,,,,,
osm-n6363720469,豚太郎,松山市,,,,,,,,,,,,,
osm-n5907316483,豚太郎北条店,松山市,,,,,,,,,,,,,
osm-n12347047060,美食坊ハルピン,松山市,,,,,,,,,,,,,
osm-w1307422631,北京飯店,松山市,,,,,,,,,,,,,
osm-w450539373,麺屋 壱 松山店,松山市,,,,,,,,,,,,,
osm-n13954951301,麺鮮醤油房 周月,松山市,,,,,,,,,,,,,
osm-n12208660713,油そば,松山市,,,,,,,,,,,,,
osm-n2385956566,来来亭,松山市,,,,,,,,,,,,,
osm-n10605774688,餃子 のぶ,松山市,,,,,,,,,,,,,
osm-n2109276990,エミグルメ,松前町,,,,,,,,,,,,,
osm-n2386746113,ごはんやいよ松前食堂,松前町,,,,,,,,,,,,,
osm-w1434978177,ラーメンショップ R56店,松前町,,,,,,,,,,,,,
osm-n2386739845,らーめん工房りょう花松前店,松前町,,,,,,,,,,,,,
osm-n12848296788,リンガーハット,松前町,,,,,,,,,,,,,
osm-w201270621,大阪王将 エミフルMASAKI店,松前町,,,,,,,,,,,,,
osm-n2386756946,豚太郎松前店,松前町,,,,,,,,,,,,,
osm-n2182966393,からし屋,新居浜市,,,,,,,,,,,,,
osm-w1442586909,がんば亭,新居浜市,,,,,,,,,,,,,
osm-n696846346,こくりょう食堂,新居浜市,,,,,,,,,,,,,
osm-w1150196616,スシロー,新居浜市,,,,,,,,,,,,,
osm-w1148003241,はま寿司,新居浜市,,,,,,,,,,,,,
osm-w1442586905,りょう花,新居浜市,,,,,,,,,,,,,
osm-w1272396756,丸源ラーメン,新居浜市,,,,,,,,,,,,,
osm-w1272055841,新居浜昭和通り食堂,新居浜市,,,,,,,,,,,,,
osm-n5266225899,多賀屋食堂,新居浜市,,,,,,,,,,,,,
osm-n10681345782,中華麺飯茶屋 佳,新居浜市,,,,,,,,,,,,,
osm-n11814665969,天下一品,新居浜市,,,,,,,,,,,,,
osm-n2182962658,豚太郎,新居浜市,,,,,,,,,,,,,
osm-w1272396754,萩の茶屋,新居浜市,,,,,,,,,,,,,
osm-w1272324431,福々,新居浜市,,,,,,,,,,,,,
osm-n2201048594,麺や吉村,新居浜市,,,,,,,,,,,,,
osm-n2183079155,餃苑,新居浜市,,,,,,,,,,,,,
osm-w379012716,がんば亭,西条市,,,,,,,,,,,,,
osm-n2213881378,スシロー,西条市,,,,,,,,,,,,,
osm-n3947037730,つるや,西条市,,,,,,,,,,,,,
osm-w1434979128,ラーメンショップ 西条東店,西条市,,,,,,,,,,,,,
osm-w1434979127,ラーメンショップ 東予店,西条市,,,,,,,,,,,,,
osm-n3945251356,吉祥孝,西条市,,,,,,,,,,,,,
osm-n10314032064,生守ラーメン,西条市,,,,,,,,,,,,,
osm-w1120658135,瓢華,西条市,,,,,,,,,,,,,
osm-w1451130602,蓬莱閣,西条市,,,,,,,,,,,,,
osm-n8430959261,麺屋 田所商店 西条店,西条市,,,,,,,,,,,,,
osm-n12269032266,ケンちゃん食堂,西予市,,,,,,,,,,,,,
osm-n8375454118,丸一食堂,西予市,,,,,,,,,,,,,
osm-n12269045004,幸楽,西予市,,,,,,,,,,,,,
osm-n5919824185,セキショ食堂,大洲市,,,,,,,,,,,,,
osm-w607355673,ラーメンショップKANTO大洲店,大洲市,,,,,,,,,,,,,
osm-n4593625390,豚太郎砥部店,砥部町,,,,,,,,,,,,,
osm-w1434979125,ラーメンショップ 11号バイパス店,東温市,,,,,,,,,,,,,
osm-w1434979126,ラーメンショップ 川内店,東温市,,,,,,,,,,,,,
osm-n5923150586,なみへい,内子町,,,,,,,,,,,,,
osm-n7023076989,どーや食堂,八幡浜市,,,,,,,,,,,,,
osm-n7023212929,ロンドン,八幡浜市,,,,,,,,,,,,,
osm-n7022934743,元バスラーメンかじわら,八幡浜市,,,,,,,,,,,,,
osm-n7023064536,三和食堂,八幡浜市,,,,,,,,,,,,,
osm-n7023308270,清家食堂,八幡浜市,,,,,,,,,,,,,
