id,name,city,style,soup,noodle,character
"g-ChIJW6rc8_ftTzURAf0TFV716b8","えい吉","伊予市","ラーメン/ちゃんぽん","醤油/豚骨/鶏/野菜","細麺","あっさり/背脂"
"g-ChIJN1MKv33yTzURRV2nTpf2XBY","くし坊らーめん麺人","伊予市","ラーメン/中華そば","味噌/豚骨/煮干し","細麺","こってり/濃厚"
"g-ChIJKfZIXobyTzURjTmYeEe25MQ","みかさ","伊予市","中華そば","豚骨/鶏","中太麺","あっさり"
"g-ChIJNaDDdgDzTzURFtN48ik27_M","志乃や","伊予市","ラーメン","醤油","","あっさり"
"g-ChIJTVP-SdKNTzURQ5H5IElwOyw","上灘水産","伊予市","ラーメン","醤油/塩/魚介/鯛・鮮魚","細麺","あっさり"
"g-ChIJ99x91XbyTzURgX11B7gb1WQ","朝日食堂","伊予市","中華そば","塩/鶏","中太麺/ストレート麺","あっさり"
"osm-n13904181632","いごっそ","宇和島市","中華そば","醤油","細麺","こってり/背脂"
"g-ChIJOfdmDQBhTzUR68Zq0f28xTA","ストライク軒 宇和島総本山","宇和島市","ラーメン","醤油/塩/鶏/鶏白湯/魚介/貝","細麺/中太麺","濃厚/白湯"
"g-ChIJIVm56SNgTzUR_NC5byb3R60","とんこつのあべ家","宇和島市","ラーメン/つけ麺","味噌/豚骨","細麺","あっさり/にんにく"
"g-ChIJ985RMABhTzURebL6b5udxzA","ラーメン屋 ユニコーン","宇和島市","ラーメン","豚骨/醤油/味噌","","あっさり/濃厚/辛い"
"osm-n13744174061","ラーメン凩","宇和島市","ラーメン/つけ麺/油そば","味噌/豚骨/鶏/魚介","細麺/自家製麺","濃厚/辛い/にんにく"
"g-ChIJhTJ1QcT1RTURkEZlpSkoTVM","八戒","宇和島市","ラーメン/ちゃんぽん","醤油/味噌","",""
"g-ChIJPzTFEgBhTzUR0SCVe4dp0hE","麺's げんきや","宇和島市","ラーメン","豚骨","",""
"g-ChIJhVeJy8thTzURPu7IqifkbkY","麺処 菊屋","宇和島市","ラーメン/ちゃんぽん","魚介/煮干し","","あっさり"
"osm-n11936672019","和歌山らーめん らぐまん","宇和島市","ラーメン","醤油/豚骨/鶏","細麺","あっさり/こってり"
"rdb-160382","凩紋二郎","宇和島市","二郎系","豚骨","太麺/自家製麺","濃厚/白湯/にんにく"
"g-ChIJ3U_YulfATzURintvm83Be-w","まんなか","久万高原町","中華そば","醤油/鶏/魚介/煮干し","中細麺/縮れ麺","あっさり/清湯"
"rdb-138885","中華そば 鶴姫","久万高原町","中華そば","煮干し/鶏","",""
"g-ChIJZ1OcY106UDURZQZsWkSANG0","〇の","今治市","ラーメン/冷やし","醤油/鶏/魚介/煮干し/節","細麺/中細麺/縮れ麺",""
"g-ChIJpx9No9IxUDURSNonCT_HXxQ","TRITON RAMEN","今治市","ラーメン/担々麺/冷やし","塩/鶏白湯/魚介/鯛・鮮魚/海老・蟹/胡麻","細麺/中太麺","あっさり/濃厚/白湯/泡系/辛い"
"g-ChIJw_gnDI07UDURHu4NWa6AuP0","きく麺","今治市","ラーメン","豚骨/鶏白湯","細麺","濃厚/白湯/にんにく"
"osm-n6980180437","さんわ","今治市","ラーメン","塩/豚骨/鶏/魚介","細麺/ストレート麺","あっさり/清湯"
"rdb-168235","せるすた秘密基地食堂","今治市","ラーメン/担々麺","醤油/塩","",""
"g-ChIJiycrDQA7UDURWbctFYCW1nM","タイガーラーメン","今治市","ラーメン/油そば","味噌/鶏","中細麺/平打ち麺","濃厚/辛い"
"g-ChIJgZwRrW08UDURAKPmYHFbBxc","てんまや食堂","今治市","中華そば","魚介/節","自家製麺","あっさり"
"g-ChIJJUh3weM6UDUR72FxbSHhrjg","どんたく","今治市","ちゃんぽん/冷やし","醤油/豚骨","縮れ麺","濃厚"
"manual-mogumogura","もぐもぐら","今治市","まぜそば","醤油/魚介","中太麺/縮れ麺",""
"g-ChIJ9fohv9g7UDURoxgOuuBLEfA","らーめん・喰うかい","今治市","ラーメン","醤油/鶏","中太麺/縮れ麺/平打ち麺","あっさり/背脂"
"g-ChIJCyZFzhk7UDURXuHOa7gOf3s","らぁめんTaikou","今治市","ラーメン","鯛・鮮魚","","清湯"
"osm-w806460114","ラーメンなる","今治市","ラーメン/担々麺/冷やし","醤油/味噌/豚骨/鶏","細麺","あっさり"
"osm-w880917293","ラーメンハウス ミニ鳥生店","今治市","ラーメン/冷やし","醤油/塩/味噌/豚骨","太麺/縮れ麺/自家製麺",""
"g-ChIJvTIOB5MYUDURLJhvc4R2jMg","ラーメンハウスとんとん","今治市","ラーメン/冷やし","醤油/塩/味噌/豚骨","中細麺/ストレート麺","辛い/にんにく"
"g-ChIJxYT89No7UDURO9wXZg0FURM","ラーメン道場","今治市","ラーメン/冷やし","醤油/塩/味噌","中太麺",""
"g-ChIJjz0-_vwxUDURWRpt5fH6iBQ","らぁ麺 enten香","今治市","家系/二郎系/つけ麺/まぜそば/汁なし","醤油/豚骨","縮れ麺/ストレート麺","背脂/にんにく"
"g-ChIJsbF1VAA7UDURsUPI1TNDQJY","横浜家系ラーメン 一門家 今治店","今治市","家系/二郎系/つけ麺","醤油/塩/味噌/豚骨/魚介","中太麺","濃厚"
"g-ChIJQyOP8CE7UDURDQwGKTw2F80","屋台 すずえ(京楽軒)","今治市","中華そば","醤油/鶏","中細麺/縮れ麺","あっさり"
"osm-n11527413036","俺のラーメン","今治市","ラーメン","醤油","平打ち麺","濃厚/背脂"
"g-ChIJ__-WNEcwUDUR_jiZx1RQhec","丸啓","今治市","中華そば","豚骨","細麺/ストレート麺","白湯"
"osm-n8202430157","喜多方ラーメン 麺小町 今治店","今治市","ラーメン/担々麺/つけ麺/冷やし","醤油/塩/鶏/豚骨/魚介/野菜","中太麺/縮れ麺",""
"osm-w806424880","久留米ラーメン光屋","今治市","ラーメン/つけ麺","豚骨/魚介","細麺/ストレート麺","濃厚/白湯"
"g-ChIJB237U_Q6UDURwrI4JANzwWE","京屋","今治市","中華そば","醤油/鶏","中細麺/縮れ麺","あっさり"
"osm-n8288889733","骨太味覚 桜井店","今治市","ラーメン","豚骨","太麺","こってり/背脂"
"osm-n8226539068","辛麺屋 桝元","今治市","辛麺","","","辛い"
"g-ChIJldlHY086UDUR3Gknd_qsSLQ","大鵬軒 石井支店","今治市","ラーメン/冷やし","豚骨","中細麺/ストレート麺","あっさり"
"g-ChIJoXES0kI6UDURwuZq41MAem0","大鵬軒 本店","今治市","ラーメン/ちゃんぽん/冷やし","豚骨","中太麺","あっさり"
"osm-w881949796","中華そば うまてつ","今治市","ラーメン/中華そば/つけ麺/まぜそば/冷やし","醤油/味噌/鶏/魚介/煮干し/野菜/柑橘","細麺/中細麺","あっさり/こってり/清湯/辛い"
"osm-n8315503592","中華そば 阿部","今治市","ラーメン/中華そば/冷やし","醤油/塩/味噌/鶏/魚介/胡麻","中細麺/縮れ麺","あっさり/辛い"
"rdb-124183","中華そば 京楽軒","今治市","中華そば","醤油/鶏","中細麺/縮れ麺","あっさり"
"g-ChIJoal08ehFUDURA2z06k8x03M","猪骨ラーメン","今治市","ラーメン","醤油/塩/味噌/魚介/柑橘","細麺","あっさり/濃厚/白湯"
"g-ChIJ7ZNrdNA7UDURRoIir2cbg50","伯方の塩ラーメンさんわ今治北インター店","今治市","ラーメン/中華そば/冷やし","塩/豚骨/鶏/魚介/煮干し/貝/柑橘","細麺/ストレート麺","あっさり/清湯"
"osm-n10203839326","八平","今治市","中華そば/冷やし","醤油/塩/鶏/魚介/煮干し","細麺/自家製麺/縮れ麺/平打ち麺","あっさり/清湯/背脂"
"osm-n8256470931","麺屋 武吉","今治市","ラーメン/つけ麺","醤油/塩/豚骨/魚介/節/カレー","中太麺/太麺","こってり/辛い"
"rdb-151187","麺屋 颯 今治店","今治市","ラーメン/中華そば/まぜそば/冷やし","醤油/鶏/魚介","中細麺/ストレート麺","あっさり/背脂"
"g-ChIJyQmUuH46UDURJXNLNAMU2W4","麺舞 龍e","今治市","ラーメン/つけ麺/油そば","醤油/塩/鶏/鶏白湯/魚介/柑橘","細麺/中太麺/縮れ麺","あっさり/濃厚/清湯/白湯/辛い"
"g-ChIJJ2F6VGg6UDURLaB1FaP_LsI","来々軒","今治市","中華そば/ちゃんぽん","醤油/塩/鶏/魚介/煮干し","中細麺/縮れ麺","あっさり"
"g-ChIJEf1QFhKVUTURxXSt3BmYvT4","うどん・ラーメン みしま屋","四国中央市","ラーメン/中華そば","醤油/煮干し","","あっさり/清湯"
"g-ChIJg10MWgbBUTURipeF-FRVQbY","こだま食堂","四国中央市","ラーメン/つけ麺","煮干し","細麺/中太麺/縮れ麺/平打ち麺","あっさり/清湯"
"g-ChIJaegPNBWUUTURQq4IjG82OXE","せんばやし","四国中央市","ラーメン/創作系","塩/味噌/豚骨/鶏/野菜","細麺","あっさり/こってり/濃厚/白湯"
"g-ChIJrdvpiqTAUTURcKzdaYYAquo","ひかり食堂","四国中央市","ラーメン/中華そば/つけ麺","醤油/塩/味噌/鶏/鶏白湯/魚介/煮干し/節/鯛・鮮魚/貝","細麺/縮れ麺/平打ち麺","あっさり/こってり/濃厚/清湯/白湯"
"g-ChIJO3ag-ezAUTURBk969nXHuDw","ミッドナイト ウマイゾ さっちゃん","四国中央市","ラーメン","醤油/味噌/豚骨","",""
"g-ChIJUXnbwU2RUTURci1xjN-B4ck","やったろうじゃん","四国中央市","ラーメン/二郎系/つけ麺/まぜそば/担々麺","醤油/味噌/豚骨/魚介/カレー","細麺/中太麺/太麺/自家製麺/縮れ麺","濃厚/辛い"
"g-ChIJe8ZV_H6RUTUR9Gf3sU1Fcpo","らーめん こぶた堂","四国中央市","ラーメン","豚骨","細麺","あっさり/白湯/辛い"
"g-ChIJJxZ07VyRUTUR52qpl84PB50","居酒屋 坊ZU","四国中央市","ラーメン/冷やし","鶏白湯/煮干し","細麺/ストレート麺","あっさり/濃厚/清湯/白湯"
"g-ChIJxSaou3CRUTURwbE2R5qF2KI","朝皆笑味","四国中央市","ラーメン/冷やし","塩/煮干し","細麺","あっさり/清湯/辛い"
"osm-w407607874","天下一品四国中央店","四国中央市","ラーメン/担々麺","醤油/塩/味噌/鶏/鶏白湯/野菜","中細麺/ストレート麺","あっさり/こってり/濃厚/清湯/白湯/辛い"
"g-ChIJXbTfchqRUTURmVfxm251X6g","東麺照 一寛","四国中央市","ラーメン/つけ麺","醤油/塩/豚骨/鶏/煮干し","細麺/自家製麺/縮れ麺","あっさり/濃厚/清湯/白湯"
"g-ChIJHVZXYADlTzURGnXZsjEqKmU","55CHINA JR松山駅だんだん通り店","松山市","ラーメン/家系/二郎系/つけ麺/担々麺/ちゃんぽん","醤油/塩/豚骨/鶏/魚介/煮干し","細麺/太麺/自家製麺","あっさり/こってり/濃厚/辛い"
"rdb-173414","55China 大街道店","松山市","ラーメン/家系/二郎系/つけ麺/ちゃんぽん","醤油/塩/豚骨/魚介/海老・蟹","細麺/太麺/自家製麺","こってり/濃厚"
"g-ChIJq654e7HlTzURifL37KI5jQ8","KANEOKA RAMEN","松山市","ラーメン/つけ麺/まぜそば/冷やし","醤油/味噌/豚骨/鶏白湯/魚介/貝/海老・蟹/煮干し/節/柑橘","中太麺","濃厚/白湯/泡系/辛い/痺れ"
"rdb-159200","LANTAN","松山市","ラーメン/中華そば/二郎系/まぜそば/油そば/担々麺/冷やし/汁なし","醤油/塩/味噌/鶏/魚介/煮干し/節/貝/胡麻","中細麺/中太麺/太麺/平打ち麺","あっさり/背脂/辛い/痺れ/にんにく"
"g-ChIJq6qlkYzlTzURnqvS3guTSE8","あづま家 千舟町店","松山市","ラーメン/つけ麺","醤油/塩/味噌/豚骨/鶏/魚介/節/野菜","","あっさり/こってり/濃厚/背脂"
"rdb-165706","うさぎ家","松山市","中華そば/つけ麺","塩/煮干し","太麺","あっさり/清湯"
"g-ChIJ_6tKqRHvTzURIF0yjZHo__o","うどん麦わら 麺処むぎ家","松山市","ラーメン/家系/つけ麺/油そば","醤油/豚骨/節","細麺/中太麺","こってり/濃厚/辛い/にんにく"
"g-ChIJq2oumtDlTzURkBZswTu2Uv0","おでん・中華そば 瓢簞","松山市","中華そば","醤油/豚骨","自家製麺","あっさり"
"osm-n2305778256","かめ福","松山市","ラーメン/冷やし","醤油/味噌/豚骨/胡麻","細麺/中細麺/縮れ麺/ストレート麺","あっさり/辛い"
"rdb-168651","ゴールデンゴリラ","松山市","ラーメン/つけ麺/冷やし","醤油/鶏/煮干し","中太麺","あっさり/濃厚/セメント系/背脂/辛い"
"osm-n2441099695","こだわりラーメン海鮮とんこつ家","松山市","ラーメン/中華そば/つけ麺/まぜそば","塩/豚骨/魚介","細麺/縮れ麺","こってり/濃厚/白湯"
"g-ChIJtaaEFADvTzUR3bsEKth8ZxI","サムライノネイロ","松山市","ラーメン/中華そば/家系/まぜそば/冷やし","醤油/塩/豚骨/煮干し","細麺/太麺","あっさり/背脂"
"g-ChIJtXxoVwDpTzURjpw9OfRmH3o","じゃんめん フジグラン重信店","松山市","ラーメン","","","辛い"
"g-ChIJs5SNPQDvTzUR9KBwSlVik8o","センベエ食堂","松山市","ラーメン/中華そば/冷やし","醤油/豚骨/魚介/節","中細麺/ストレート麺","あっさり/濃厚/清湯"
"g-ChIJzROZBgDlTzURRB64ce3eXLI","だし川うま吉【不定休】","松山市","ラーメン/油そば/汁なし","醤油/鶏/魚介","中太麺","あっさり/清湯"
"g-ChIJoaLdfsPvTzURu9TObmXOWUQ","ダルマ食堂","松山市","ラーメン/ちゃんぽん","醤油","",""
"g-ChIJYcHETVLlTzURJM6Deqt2NGA","つけめん 真中（本店）","松山市","ラーメン/つけ麺/油そば","醤油/味噌/鶏白湯/魚介/煮干し/節/海老・蟹","太麺/自家製麺/縮れ麺","濃厚/白湯/辛い"
"g-ChIJl-BUOuzlTzURkZrKPwNLaME","つけめん 蔵木","松山市","ラーメン/中華そば/つけ麺/担々麺","醤油/塩/豚骨/鶏/魚介/煮干し","細麺/太麺/自家製麺","濃厚"
"g-ChIJNTr1TI7vTzUReSBMHGEYNQE","とりそば 翔 インスタ要確認","松山市","ラーメン/油そば/冷やし","塩/鶏/魚介","縮れ麺/平打ち麺","あっさり/清湯"
"g-ChIJcecK2EfvTzURFpcPxKZQJwE","ねぎ坊主","松山市","ラーメン","塩/味噌/魚介/胡麻","細麺","あっさり/にんにく"
"g-ChIJ36Ce2JjlTzUR-k8nbWATgYM","のっぴんらー麺","松山市","ラーメン/創作系/つけ麺","醤油/塩/味噌/豚骨/鶏/魚介/節/野菜/胡麻","中太麺/自家製麺","濃厚"
"g-ChIJnzKS8O7lTzURwU80Eh2lrTY","バラックからし屋","松山市","ラーメン/冷やし","味噌","","辛い"
"rdb-97456","びいどろ","松山市","ちゃんぽん","味噌","","辛い"
"g-ChIJm0BqGADlTzUR2_tv0U78oro","まぜそば専門店もず","松山市","まぜそば","醤油/鶏/野菜","細麺","濃厚/辛い/にんにく"
"g-ChIJJeHaqbHlTzURtbyVviZ6gx0","マリカリクリカ","松山市","ラーメン","味噌","","濃厚/辛い/にんにく"
"rdb-153715","らーめん おが多 二番町店","松山市","ラーメン","醤油/鶏","","あっさり"
"g-ChIJR25P6PPlTzURhR-UaFi1yOo","ラーメン ブタイチ 松山二番町店","松山市","二郎系/まぜそば/冷やし/汁なし","醤油/豚骨","太麺/平打ち麺","こってり/白湯/背脂/にんにく"
"osm-n2387958471","ラーメン 一興 鷹子店","松山市","ラーメン/つけ麺/まぜそば","醤油/味噌/豚骨","細麺/中太麺/自家製麺/平打ち麺","あっさり/こってり/濃厚/辛い"
"g-ChIJ9XK-47_vTzURSPU8XJsnHlQ","ラーメン 鑫龍","松山市","ラーメン/二郎系/つけ麺/担々麺","醤油/味噌/豚骨","中太麺/縮れ麺","こってり/濃厚/背脂/にんにく"
"g-ChIJAchVPITlTzURM9_H_Eqz6Fs","らーめんおが多 キスケＢＯＸ店","松山市","ラーメン","醤油/塩/鶏","細麺/ストレート麺","あっさり/清湯"
"g-ChIJL0JyYgDvTzURbYNS7nB98Zo","らーめんもりや 松山空港通店","松山市","ラーメン/つけ麺","豚骨/野菜","細麺/ストレート麺","濃厚"
"g-ChIJO3gHTXLlTzURF6zo-fRyLVk","ラーメン一興 久万ノ台店","松山市","ラーメン/つけ麺","醤油/味噌/豚骨/鶏","細麺/ストレート麺","あっさり/こってり/白湯"
"g-ChIJ2QS5M1_vTzURvmJ8a1sNlng","ラーメン一興 立花店","松山市","ラーメン/つけ麺","醤油/味噌/豚骨/鶏","細麺/自家製麺/ストレート麺","あっさり/こってり/濃厚/辛い"
"rdb-133749","ラーメン源骨","松山市","ラーメン/つけ麺/油そば/担々麺/冷やし","豚骨/胡麻","細麺/太麺/自家製麺/縮れ麺","濃厚/背脂/辛い"
"g-ChIJp09vKKboTzURaIuFu1jkmr4","ラーメン食堂 縁 北久米店","松山市","ラーメン/二郎系","醤油/塩/味噌/豚骨/鶏","細麺/太麺/自家製麺","濃厚/清湯/白湯/背脂/辛い/にんにく"
"osm-n2305044388","ラーメン来来亭 松山大前店","松山市","ラーメン/まぜそば/担々麺/冷やし","醤油/塩/味噌/鶏/カレー","細麺/太麺","こってり/背脂/辛い"
"g-ChIJUxzyEYDvTzURMm75EfM-roQ","らぁ麺 参獣師","松山市","ラーメン","豚骨/鶏/牛","細麺","あっさり/こってり/濃厚/泡系"
"rdb-173409","ラー麺ずんどう屋 松山問屋町店","松山市","ラーメン","豚骨","細麺/中太麺/自家製麺/縮れ麺/ストレート麺","こってり/濃厚/背脂"
"rdb-71307","一天張","松山市","担々麺/つけ麺/冷やし/汁なし","鶏/魚介/節/野菜/胡麻","太麺","辛い/痺れ"
"g-ChIJyeLUSPPlTzUR5p6iPFffdyY","炎やらーめん","松山市","ラーメン","醤油/味噌/豚骨","細麺/ストレート麺","あっさり/背脂/辛い"
"g-ChIJdce-SADnTzURB72TcqKI0Y0","横浜家系ラーメン 一門家 枝松店","松山市","家系/二郎系/つけ麺","醤油/味噌/豚骨/魚介","中太麺","濃厚/背脂"
"g-ChIJ9za_agDvTzURO9Pz-QXsmPY","横浜家系ラーメン 一門家 椿参道店","松山市","家系/中華そば/二郎系/つけ麺","醤油/塩/豚骨","中太麺/太麺","濃厚"
"rdb-86674","横浜家系らーめん 黒帯","松山市","家系/つけ麺/まぜそば","醤油/豚骨/鶏","中太麺/太麺/平打ち麺","濃厚/にんにく"
"osm-n10275126705","横浜家系ラーメン一門家 大街道店","松山市","家系/中華そば/二郎系/つけ麺/まぜそば/担々麺","醤油/塩/豚骨/魚介","中太麺/平打ち麺","濃厚"
"osm-n11559743688","久留米とんこつラーメン 松山分校","松山市","ラーメン/ちゃんぽん","豚骨","細麺/ストレート麺","こってり/濃厚"
"g-ChIJcyg3BOzlTzURDtf3MCAd4hs","錦 iwamoto","松山市","ラーメン/まぜそば","醤油/塩/鶏/鯛・鮮魚/野菜","中細麺/ストレート麺","あっさり/清湯"
"g-ChIJi0-7egDpTzUR_2CGh9T5ZlM","九州豚骨醤油 鯉から竜 久米店","松山市","ラーメン","醤油/豚骨/鶏","中太麺","あっさり/濃厚/清湯/辛い/にんにく"
"g-ChIJh6qjlvPlTzURRdhkON-EnzM","九州豚骨醤油 鯉から竜 松山店","松山市","ラーメン","醤油/豚骨","中太麺","濃厚/辛い/にんにく"
"osm-n8244379251","源氏車","松山市","中華そば/つけ麺/まぜそば","醤油/豚骨/魚介","太麺","濃厚/辛い/にんにく"
"g-ChIJy873QhPvTzURreIiTQRLS3g","古川屋台ソウヅ","松山市","中華そば/二郎系/つけ麺/油そば/冷やし","醤油/豚骨/魚介/煮干し/カレー","太麺/平打ち麺","濃厚/にんにく"
"g-ChIJb7isTkXlTzURNDEsnamn5ak","高見屋","松山市","中華そば","","","あっさり"
"g-ChIJ42c2KuzlTzURXlIAe6cSEbs","骨太味覚 本店","松山市","ラーメン/二郎系/つけ麺/まぜそば","醤油/味噌/豚骨","中太麺/縮れ麺","こってり/濃厚/背脂/辛い/にんにく"
"g-ChIJG4LDwaXoTzURrd8KLEMoZbA","四川旬菜アスター","松山市","ラーメン/担々麺/ちゃんぽん/冷やし","醤油/味噌/胡麻","","濃厚/辛い"
"g-ChIJBSfCXB7lTzURsF8BTdwyBdI","周旋人","松山市","二郎系/油そば","醤油/豚骨","太麺","背脂/にんにく"
"g-ChIJ5x4vIwDlTzURhsW7UUVF6ik","松山ブラックラーメン 黒虎屋","松山市","中華そば/油そば/冷やし","醤油","太麺/自家製麺","濃厚/背脂"
"g-ChIJky_aKADlTzURSyT6QRDgXYA","松山ラーメン うしみつ","松山市","ラーメン","醤油/塩/牛","細麺/ストレート麺","背脂"
"g-ChIJO_3eJJrlTzUR93CkLLJGciY","松山鯛ラーメン万福久","松山市","ラーメン","塩/鯛・鮮魚/野菜","細麺","あっさり/濃厚"
"g-ChIJdfqhgt3lTzUR0INHkJ38Koc","松流 フジグラン松山本店","松山市","ラーメン/中華そば/家系/つけ麺/まぜそば/油そば","醤油/豚骨/魚介/節","細麺/平打ち麺","濃厚"
"rdb-164374","笑福","松山市","中華そば","鶏/魚介/味噌","","あっさり/辛い"
"g-ChIJ8xtCuGrvTzUR8290HgkWdao","醤油ラーメン専門店 醤和堂","松山市","ラーメン/つけ麺/冷やし","醤油/煮干し","細麺/自家製麺",""
"rdb-95928","食房 夢而今","松山市","ラーメン/担々麺","醤油/豚骨","","辛い"
"rdb-157062","辛麺 kitchen 彩 二番町店","松山市","辛麺","","","辛い/にんにく"
"rdb-110997","辛麺kitchen 彩","松山市","辛麺/つけ麺","鶏","太麺","辛い"
"rdb-126548","辛麺kitchen 彩 山西店","松山市","辛麺","","","あっさり/辛い/にんにく"
"g-ChIJS4ESIgDlTzUR5_Jb22KYuUY","辛麺屋 飛麻飛火","松山市","辛麺","鶏/野菜","","辛い/にんにく"
"rdb-118036","辛麺屋 桝元 松山店","松山市","辛麺/冷やし","醤油/鶏/牛","","あっさり/辛い/にんにく"
"g-ChIJU9VgzHjlTzUR2xotKTdQsv8","瀬戸内らーめん @伍式","松山市","中華そば","醤油/塩/豚骨/鶏/魚介/煮干し/節","中細麺/中太麺/ストレート麺","あっさり/濃厚"
"g-ChIJ_wVeX-7lTzURrv4GSx0zaDY","瀬戸内ラーメン あづま家 二番町店","松山市","ラーメン/つけ麺/まぜそば","醤油/塩/豚骨/鶏/魚介/煮干し/節","縮れ麺","あっさり/こってり"
"g-ChIJUdsX5N_lTzURjcXN98zfldk","清龍園 湯渡店","松山市","ラーメン/中華そば/ちゃんぽん","醤油/豚骨/魚介/煮干し/節","中細麺/縮れ麺","あっさり/辛い"
"g-ChIJ3_lsF5vlTzURRSW9-bv6gjY","生しじみラーメン『オルニ』松山本店","松山市","ラーメン/汁なし","塩/貝/牛","細麺/縮れ麺","あっさり/濃厚"
"rdb-58591","大澤麺工房 一葵","松山市","ラーメン/まぜそば","塩/味噌/鶏/野菜","細麺","あっさり/こってり/濃厚/辛い"
"rdb-100266","地鶏白醤油拉麺 鶏真 大街道店","松山市","ラーメン/つけ麺/油そば/辛麺","醤油/塩/鶏/鶏白湯/煮干し","細麺/太麺","あっさり/こってり/濃厚/白湯/背脂/辛い"
"g-ChIJ7yJlegDpTzURBhNkcBeXkXY","中華そば 鯊","松山市","中華そば","醤油/魚介/煮干し","中太麺",""
"g-ChIJkYpGno7lTzURD3Zo3dr7jNs","中華そば・おでん 瓢太","松山市","中華そば","醤油/鶏","細麺/ストレート麺","にんにく"
"g-ChIJMTjcLgDvTzURQeBU3m6NGhQ","中華そば56","松山市","中華そば","醤油/味噌/豚骨","細麺","あっさり/辛い"
"g-ChIJkVu4OCzuTzURcSaZBEh6mY0","中華そば創","松山市","中華そば/つけ麺","醤油/鶏/魚介","細麺/中太麺/太麺/縮れ麺/平打ち麺","あっさり"
"osm-n2441105205","中華つけ麺大王","松山市","ラーメン/つけ麺/油そば/ちゃんぽん","醤油/味噌","中太麺","にんにく"
"g-ChIJF42TdVrlTzURHfGa_O-neUc","長浜ラーメン 長浜一番","松山市","ラーメン","豚骨","細麺/ストレート麺","あっさり"
"osm-w230964592","天下一品 土居田店","松山市","ラーメン","塩/味噌/鶏/野菜","細麺/ストレート麺","あっさり/こってり/濃厚"
"rdb-163493","天領 二番町店","松山市","ラーメン/つけ麺","醤油/味噌/豚骨","細麺/自家製麺","あっさり/辛い/にんにく"
"g-ChIJgQBS7lblTzURARY9vhCMZSs","東京油組総本店 大街道組","松山市","油そば/汁なし","醤油/味噌","自家製麺","あっさり/辛い"
"g-ChIJNfG2IaDlTzURzsYNBEsF_dQ","闘牛ラーメン","松山市","ラーメン/つけ麺","醤油/塩","自家製麺","あっさり"
"g-ChIJQQ4qjyzlTzURa3S2refmHdA","豚珍行","松山市","ラーメン/中華そば","醤油/味噌/豚骨/鶏/魚介/煮干し/野菜","細麺/自家製麺",""
"g-ChIJVVVVVfLlTzURw8qhvYUg-tQ","豚麺 アジト","松山市","二郎系/まぜそば","醤油/豚骨","太麺","濃厚/背脂/にんにく"
"rdb-7213","博多一風堂 松山店","松山市","ラーメン","豚骨","細麺","辛い"
"g-ChIJ7zVgiqnlTzURvtM_81pJ-bw","番町製麺","松山市","二郎系/つけ麺/まぜそば/汁なし","醤油/豚骨/魚介","太麺/自家製麺/縮れ麺","濃厚/にんにく"
"g-ChIJP6otfZXvTzURDzlBFeMpqUA","風雲丸 松山空港通り店","松山市","ラーメン/つけ麺/まぜそば","味噌/豚骨/魚介/煮干し","太麺/自家製麺","濃厚/背脂/辛い"
"g-ChIJ3bdhHgseUDURfb9bnjcOzMo","風早いちや","松山市","ラーメン/中華そば/ちゃんぽん/冷やし","醤油/塩/味噌/豚骨/鶏/魚介/煮干し","縮れ麺","あっさり/こってり/にんにく"
"g-ChIJRZf0Cq_oTzURXUrIMPZ6itA","風風亭 久米店","松山市","ラーメン/冷やし","醤油/豚骨/カレー","細麺/自家製麺/ストレート麺","あっさり"
"rdb-78024","風風亭 樽味本店","松山市","ラーメン/冷やし","醤油/豚骨/カレー","細麺/自家製麺/ストレート麺","あっさり"
"g-ChIJxd1niFvvTzURtAVNjApCkyw","味千拉麺 朝生田店","松山市","ラーメン/担々麺","味噌/豚骨","細麺","濃厚/辛い"
"g-ChIJHUP4cZXlTzURoyF1eYXRZOg","味噌とんこつらーめん まる","松山市","ラーメン","味噌/豚骨","中太麺/縮れ麺","あっさり/こってり/濃厚/辛い"
"g-ChIJpxXitIHlTzURf2_0nRRw9Sg","夢を語れ 松山","松山市","二郎系/まぜそば/汁なし","醤油/豚骨","自家製麺/縮れ麺","こってり/背脂/にんにく"
"rdb-157557","麺 一","松山市","中華そば","","","あっさり"
"g-ChIJQVoKNfPlTzURwmIwkny6ueg","麺と向かって鰹","松山市","ラーメン","醤油/塩/魚介/節","中細麺","あっさり"
"g-ChIJJ4GP3s7lTzURDUtdmDVly_g","麺のようじ 松山店","松山市","ラーメン/つけ麺/油そば","醤油/塩/味噌/鶏/野菜","中太麺/平打ち麺","濃厚"
"g-ChIJ63LeUMPlTzUR_brlGzl4lAE","麺や 新倉","松山市","中華そば/つけ麺","醤油/豚骨/鶏/魚介","太麺","あっさり/濃厚"
"g-ChIJsRC7vfnlTzURiXdgC3QRBAY","麺や雅","松山市","ラーメン/中華そば","醤油/味噌","細麺/ストレート麺","あっさり/辛い"
"g-ChIJu8dtFtjvTzURkmSiNz1jcKY","麺屋 ICHI","松山市","ラーメン/つけ麺","醤油/豚骨/魚介/節","中太麺/縮れ麺","濃厚"
"g-ChIJq1Rmyu3lTzURs_48FrDZGCQ","麺屋 十銭","松山市","ラーメン/中華そば","醤油/魚介","細麺/平打ち麺","あっさり/背脂"
"g-ChIJxxft0ojlTzURVNSD0_-1bgQ","麺屋 勝十銭","松山市","ラーメン/中華そば","醤油/塩/鶏/魚介/煮干し/節","細麺/平打ち麺","あっさり/背脂"
"g-ChIJYbhOBgDlTzURQnOdNzVTGkM","麺屋 鮮太","松山市","中華そば/つけ麺/油そば","醤油/塩/味噌/魚介","",""
"g-ChIJj-Oi2PrvTzURPEsBfZp081k","麺屋 柚木","松山市","ラーメン/中華そば/二郎系/まぜそば","醤油/豚骨/鶏/魚介/節","細麺/太麺","こってり/にんにく"
"rdb-156659","麺屋 颯","松山市","ラーメン/中華そば/ちゃんぽん/冷やし","醤油/鶏","太麺","あっさり/背脂"
"g-ChIJD8FokKnlTzURDXSbDHiEo9M","麺屋もりと","松山市","ラーメン/中華そば/つけ麺","醤油/塩/鶏/鶏白湯/魚介/煮干し/節/鯛・鮮魚","中太麺/自家製麺/平打ち麺","濃厚/白湯"
"g-ChIJaSDV-e3lTzUR1O9mvs2WNkc","麺家 なかむら","松山市","ラーメン","醤油/塩/鶏","細麺","あっさり/辛い"
"g-ChIJq6qpVhjmTzURx5LwDGeYg3I","麺工房 茜屋","松山市","ラーメン/創作系","醤油/塩/味噌/豚骨","中太麺/縮れ麺","濃厚"
"rdb-173658","麺工房 遥海","松山市","油そば","魚介","太麺",""
"g-ChIJM2SvGaDlTzURKVx0S2pgTEA","麺処 大河","松山市","ラーメン/つけ麺","味噌/魚介","中太麺/自家製麺/縮れ麺","濃厚/辛い"
"rdb-109964","麺場 田所商店 新空港通り店","松山市","ラーメン","味噌","中太麺/縮れ麺","濃厚"
"osm-n13954951301","麺鮮醤油房 周月","松山市","つけ麺/油そば","醤油/味噌/魚介","太麺/自家製麺","辛い"
"g-ChIJbdYkoO7lTzURpDX2BvCC-Xs","麺鮮醤油房 周平","松山市","ラーメン/つけ麺/油そば","醤油/鶏/魚介/煮干し/節","中太麺/自家製麺/縮れ麺",""
"g-ChIJB1k0K_XnTzUR4hHW7IZuQTg","麺道 仙波","松山市","ラーメン/中華そば","醤油/塩/味噌/豚骨/魚介/節/貝","細麺/自家製麺","辛い"
"g-ChIJO04Kn7_lTzURfRAdwxyMbaw","油そば 周平","松山市","つけ麺/油そば/汁なし","醤油/味噌/魚介","太麺/平打ち麺","濃厚/辛い"
"g-ChIJR5XVeW_mTzUR-eygRq-a65g","葉牡丹","松山市","中華そば","醤油/豚骨","中太麺/ストレート麺","あっさり"
"osm-n2385956566","来来亭","松山市","ラーメン/まぜそば/担々麺/辛麺","醤油/塩/味噌/鶏/カレー","細麺","あっさり/こってり/背脂/辛い"
"g-ChIJ8b0PAADlTzURdA-73DKoZO0","狼煙","松山市","ラーメン/つけ麺","醤油/塩/豚骨/鶏/鶏白湯/魚介/煮干し/貝","細麺","あっさり/白湯"
"g-ChIJq6qeD4zlTzURCGO0Yf1Und4","拉麺 閏 （ラーメン ウルウ）","松山市","ラーメン/まぜそば","醤油/塩/味噌/鶏/鯛・鮮魚","中細麺","あっさり/濃厚"
"rdb-126592","拉麺酒場 乙","松山市","ラーメン","塩/鶏","細麺","あっさり"
"g-ChIJz3rxRe7lTzUR2uvNrnD8A7o","萬楽 塩田屋","松山市","ラーメン/中華そば/つけ麺","醤油/塩/味噌/豚骨/鶏","細麺/ストレート麺","あっさり/清湯"
"rdb-164512","一風堂 エミフルMASAKI","松前町","ラーメン/つけ麺","豚骨/魚介","細麺/太麺","辛い"
"g-ChIJmSaJuavvTzURk0FAFx0opc0","芯せかい エミフルMASAKI店","松前町","中華そば/担々麺","醤油/塩/鶏/魚介/煮干し","細麺/中細麺/縮れ麺","あっさり"
"g-ChIJj9_7YMatUTURmzWI1arg0wI","どんラーメン","上島町","ラーメン","醤油/魚介","細麺/平打ち麺","濃厚/背脂"
"g-ChIJW9iTpe7OUTURttw5qiL2-rw","お食事処麺匠夢屋","新居浜市","ラーメン/中華そば/つけ麺","醤油/豚骨/鶏/魚介","","あっさり/こってり/濃厚"
"osm-n2182966393","からし屋","新居浜市","ラーメン","豚骨","細麺","辛い/にんにく"
"g-ChIJn14eepbOUTUR9AnzjuKQBWw","サッポロラーメン 新居浜西店","新居浜市","ラーメン","醤油/塩/味噌","ストレート麺",""
"g-ChIJL9Oodr3PUTURH-gme2_RAGs","ジョーズカリー&ウイスキー","新居浜市","ラーメン/家系/二郎系/つけ麺/まぜそば/汁なし","醤油/豚骨/魚介/煮干し","細麺/中太麺/縮れ麺/平打ち麺","濃厚/背脂/辛い/にんにく"
"g-ChIJw0vsOcnPUTUR9gh8vzSOObs","マシマシらーめん物語はここから始まるのだ。新居浜店","新居浜市","二郎系/まぜそば","醤油/豚骨/鶏/魚介/節","細麺","あっさり/濃厚/背脂/にんにく"
"g-ChIJy1m1IhnPUTURgL3ZNGFBFuU","らーめん みやび屋","新居浜市","ラーメン/つけ麺/まぜそば","醤油/塩/鶏/魚介","中太麺/自家製麺","あっさり/背脂/にんにく"
"g-ChIJKwgGJkvJUTUR5liL_v6Gb6w","らーめん処 笑福","新居浜市","ラーメン/つけ麺","醤油/味噌/豚骨","縮れ麺","こってり"
"g-ChIJ_THo1c_OUTUR868-lz0qdXE","らーめん亭","新居浜市","ラーメン/ちゃんぽん","醤油/塩/味噌/鶏/野菜","中太麺","あっさり"
"g-ChIJK55oEcLOUTURhtj5YFANuh0","らぅ麺 純","新居浜市","ラーメン/中華そば/つけ麺/油そば","醤油/豚骨/魚介/煮干し/節/海老・蟹","太麺/縮れ麺/平打ち麺","濃厚"
"g-ChIJI1Zu3sjOUTURl09wjt0MOYQ","リビエラ/ネオナガハマ","新居浜市","ラーメン","豚骨","細麺","濃厚/背脂"
"g-ChIJyW_u7M_PUTUR8c-c-ygW_FE","横浜家系ラーメン 稲和家","新居浜市","家系/二郎系/中華そば/つけ麺","醤油/塩/豚骨","細麺/中太麺","濃厚/背脂/にんにく"
"g-ChIJ_wqFrkHPUTUR21VN6k3uktw","横浜家系ラーメン 百寅家","新居浜市","家系/中華そば","醤油/塩/豚骨","細麺/太麺/ストレート麺","濃厚/にんにく"
"g-ChIJ3eOFHADPUTURzgorjAtZHi4","我央","新居浜市","ラーメン/まぜそば","醤油/塩/味噌/魚介/貝/海老・蟹/カレー","中太麺/ストレート麺","濃厚"
"g-ChIJ170JLADPUTURPnGWNsOxKWs","讃岐ラーメン 浜堂（はまんど） 新居浜","新居浜市","ラーメン/つけ麺/まぜそば/冷やし","醤油/鶏白湯/魚介/煮干し/海老・蟹","細麺/太麺/平打ち麺","あっさり/濃厚/白湯/セメント系/辛い/にんにく"
"g-ChIJ15x2PwDPUTURs8s6eTJ-8kw","辛麺居酒屋 纏","新居浜市","辛麺","カレー","","辛い"
"g-ChIJJ8Xly4PPUTURQUF4NkEGjK0","生守らーめん 新居浜店","新居浜市","ラーメン","豚骨","細麺","あっさり/濃厚"
"g-ChIJ66YNKczOUTURvC_02O69qBk","大鵬軒","新居浜市","ラーメン/ちゃんぽん","塩/豚骨","","あっさり"
"g-ChIJz2VbHVbPUTURxjU8YgyIHyg","中華そば 居酒屋 うらめしや～","新居浜市","中華そば","","",""
"g-ChIJewyucF_PUTURvIXnP2rames","中華蕎麦つけ麺 一 hajime 新居浜店","新居浜市","ラーメン/つけ麺/まぜそば","醤油/塩/鶏/鶏白湯/魚介/節","中太麺","濃厚/白湯/辛い"
"g-ChIJvX9wKMnOUTURu0G9nHEmwRo","堤亭","新居浜市","ラーメン","醤油/豚骨/鶏","",""
"osm-n11814665969","天下一品","新居浜市","ラーメン","鶏/野菜","","あっさり/こってり/濃厚"
"g-ChIJO66GTgDPUTURzi1bieNQtZQ","纏Ⅱ","新居浜市","辛麺","醤油/カレー","","辛い"
"g-ChIJTbcTDiDPUTUR89tyEd57XG0","麺処 倭","新居浜市","ラーメン/中華そば/つけ麺/まぜそば","醤油/塩/鶏/魚介/煮干し","細麺/平打ち麺","あっさり/清湯"
"g-ChIJZWDXYxPPUTURUPTf5ePlvuQ","来来亭 新居浜店","新居浜市","ラーメン","醤油/味噌/鶏","細麺","こってり/背脂/辛い"
"g-ChIJq3JM08fOUTURLK_cuFuQpkw","齋藤","新居浜市","中華そば","醤油/豚骨","","あっさり"
"g-ChIJZa1Zv9rSUTUR4_MtSsSg9AE","こんなもん屋","西条市","ラーメン","醤油/鶏","細麺/ストレート麺","あっさり"
"g-ChIJAYM0yNPSUTURCdISoHpQ-zc","サッポロラーメン 西条店","西条市","ラーメン","醤油/味噌/塩","中細麺/ストレート麺","あっさり"
"g-ChIJCftfQ7rSUTURLud6ZmYd3Pc","ちゃーしゅう工房いしづち店","西条市","ラーメン","醤油/塩/味噌/豚骨/鶏/魚介/野菜","中太麺/縮れ麺","あっさり"
"g-ChIJd7qGT-0vUDURyn97tA-VEt8","ますみ","西条市","中華そば","醤油","中太麺/ストレート麺","あっさり"
"g-ChIJKam_ysksUDURsA6OJrB3lUc","まん吉","西条市","ラーメン","味噌","",""
"g-ChIJ0R8LOsLSUTURih3zosklW7Y","ラーメン屋さん","西条市","ラーメン","豚骨","自家製麺",""
"g-ChIJ5b6GPtQrUDUR7H-zTXiaff8","ラーメン工房 がいな","西条市","ラーメン","塩","細麺",""
"g-ChIJCed9Pc_SUTURvpQWzKPTUM8","ラーメン亭","西条市","ラーメン","醤油/塩/鶏","","あっさり"
"g-ChIJR5GRCbrSUTURiWwkY1X4rOg","一番星","西条市","ラーメン","醤油/鶏","中太麺/ストレート麺","あっさり/背脂/にんにく"
"g-ChIJQeriArYuUDUR-AAQK5YHPqo","丸鶏醤油ラーメン とりの助 東予店","西条市","ラーメン/つけ麺","醤油/鶏/鶏白湯/魚介/野菜","","あっさり/濃厚/白湯"
"g-ChIJ9zNxr7vSUTURvNvSi2FL_8c","九州筑豊ラーメン山小屋 伊予西条店","西条市","ラーメン","塩/味噌/豚骨","細麺","濃厚/辛い"
"g-ChIJh6zAANDSUTUR897iQJ2V6tI","松葉家","西条市","中華そば","醤油/鶏","中細麺","あっさり"
"osm-n10314032064","生守ラーメン","西条市","ラーメン/つけ麺","醤油/豚骨","細麺","あっさり/濃厚"
"g-ChIJua18MMbSUTURxSA2zIzc9j0","大田屋","西条市","ラーメン/二郎系/つけ麺/担々麺/創作系","醤油/塩/味噌/鶏/魚介/煮干し/節/胡麻/カレー","細麺","あっさり/白湯"
"g-ChIJTzYffWDZTzURb82Ncyiu_ls","中華そば心","西条市","中華そば","魚介","細麺","あっさり/清湯"
"g-ChIJYYbbvLzSUTURdfz1ZRIiZHc","毎日食堂","西条市","中華そば","醤油/鶏/節","中太麺","あっさり/清湯"
"g-ChIJqRCIeM4vUDURwJpqDfqVycc","麺のTORIKO","西条市","ラーメン/つけ麺","鶏/魚介","細麺/太麺/平打ち麺","濃厚"
"osm-n8430959261","麺屋 田所商店 西条店","西条市","ラーメン","味噌","中太麺/縮れ麺","こってり"
"g-ChIJw8M0ww2HRTURDcf7TguAFCM","麺や だんここ","西予市","ラーメン/つけ麺/まぜそば","カレー","中太麺/縮れ麺","濃厚/辛い/にんにく"
"g-ChIJd_lN5Fh5TzURIuCRZmUxmeY","麺や 一心","西予市","ラーメン/つけ麺/中華そば","味噌/豚骨/鶏/魚介/煮干し","細麺/中太麺/縮れ麺","濃厚/辛い/にんにく/あっさり"
"g-ChIJDRo62pCATzUR4GaQios4bgo","アジト(AJI10)","大洲市","ラーメン/つけ麺/まぜそば","鶏/鶏白湯/魚介/塩","太麺/中細麺/自家製麺/平打ち麺","濃厚/こってり/白湯"
"g-ChIJ4QuFwlaBTzUR38UM9jxVaPw","ひふみ","大洲市","ラーメン/中華そば","醤油/味噌","ストレート麺",""
"g-ChIJGw4gjb-ATzURSBgVUZ5DrzM","みろく家","大洲市","ラーメン/担々麺","豚骨/醤油/味噌","細麺/ストレート麺","あっさり"
"g-ChIJ44hwAgB_RTURSrKn36QFXLE","らーめん笑福","大洲市","ラーメン/ちゃんぽん","豚骨","細麺","白湯"
"g-ChIJ26FBQDB9RTURhPnwCCTuVqY","伊予路","大洲市","ラーメン","醤油","中細麺/ストレート麺","あっさり"
"rdb-99977","博多ラーメン 大郷 大洲本店","大洲市","ラーメン/ちゃんぽん/まぜそば/冷やし","豚骨","細麺/自家製麺","濃厚/辛い/あっさり"
"g-ChIJb2K6Y4SATzUR3HPVzIwuq8E","博多乃風らーめん大郷","大洲市","ラーメン/ちゃんぽん/まぜそば/冷やし","豚骨","細麺/自家製麺","濃厚/辛い/あっさり"
"g-ChIJSYlOkdV_RTUR33H7u03NAlE","福ちゃんラーメン","大洲市","ラーメン/冷やし","醤油/味噌/鶏/野菜","中細麺/自家製麺/ストレート麺","あっさり/清湯"
"g-ChIJOSTE7DKBTzUReLA_54H3Bvc","麺鮮醤油房 周月フレスポ大洲店","大洲市","ラーメン/つけ麺/油そば","醤油/魚介/煮干し/節/味噌/カレー","太麺/自家製麺","辛い"
"g-ChIJbS74BNjuTzURmFRPZQJ3FWk","サッポロラーメン 八倉店","砥部町","ラーメン","味噌","中細麺/縮れ麺","辛い"
"g-ChIJq-FrCCvpTzUR7Uw1uaR1W6M","ラーメン一興 砥部店","砥部町","ラーメン/つけ麺","豚骨/醤油/味噌/魚介","細麺/太麺/自家製麺","あっさり/こってり"
"g-ChIJ01QG4aXpTzURIo1aukstOWI","水田商店","砥部町","ラーメン","豚骨","細麺/自家製麺/ストレート麺","濃厚/にんにく"
"g-ChIJh0l4aADpTzURazyiHqJKvug","横浜家系ラーメン 一門家東温店","東温市","家系/二郎系","醤油/豚骨","中太麺/平打ち麺","濃厚"
"g-ChIJpUMsrXHoTzURuJbGNhGpqMY","中華そば 芯せかい 本店","東温市","中華そば/担々麺/冷やし","醤油/鶏/魚介/節/煮干し/味噌","縮れ麺/自家製麺","あっさり/濃厚/清湯"
"g-ChIJkWsv9QroTzURfIOFoqN6CfU","来来亭 東温店","東温市","ラーメン/辛麺/冷やし","醤油/鶏/味噌/塩","","こってり/背脂/辛い"
"g-ChIJSWeQv7CFTzURTt-YBYgUspI","内子いなりや×ストライク軒","内子町","中華そば/ちゃんぽん","醤油/鶏/魚介/煮干し/野菜","細麺/ストレート麺","清湯"
"g-ChIJ78c3r4SERTURuPcomRPzbrU","どさん子 八幡浜店","八幡浜市","ラーメン","味噌/醤油/カレー","縮れ麺",""
"g-ChIJjaLEcgCFRTURQzH4muMnJ4k","ひなた食堂","八幡浜市","ラーメン","醤油","","あっさり"
"osm-n7023212929","ロンドン","八幡浜市","ちゃんぽん","鶏/醤油","中太麺","あっさり/清湯"
