id,店名,分類,市区町村,住所,営業時間,電話,Instagram,食べログ,ラーメン有無,タグ一覧,備考
g-ChIJ6-6kAovBTzURfX70xK_lY-o,久万の小さな中華屋さん たんたん,中華料理,久万高原町,〒791-1201 愛媛県上浮穴郡久万高原町久万２１５,,,,,,,Web上で情報なし（店名から担々麺の可能性）
g-ChIJaWzynn06UDURtSLzHc0VN10,美楽園,中華料理,今治市,〒794-0812 愛媛県今治市北高下町１丁目１−４０,,0898-22-8046,,https://tabelog.com/ehime/A3802/A380201/38000896/,,,ラーメン提供の情報なし
g-ChIJAQDMBts7UDURnc6AQUYNoBI,龍凰,中華料理,今治市,〒799-2118 愛媛県今治市波止浜１１−５０,,0898-41-6628,,,,,Web上で情報なし
g-ChIJXawqhnDAUTUR8Jl7FY_7-ZA,四川亭,中華料理,四国中央市,〒799-0704 愛媛県四国中央市土居町津根１９００,,0896-74-8393,,https://tabelog.com/ehime/A3802/A380204/38001742/,,,麻婆豆腐・エビチリが看板。ラーメン記載なし
g-ChIJwSo6jsdhTzUROo5DL2O9mww,火鍋・もつ鍋 「藤」,中華料理,宇和島市,〒798-0035 愛媛県宇和島市新町１丁目５−２８,,0895-28-9955,,,,,Web上で情報なし
g-ChIJ4RhZZOiJRTURvkkXj2ef3kQ,友誼苑,中華料理,宇和島市,〒799-3701 愛媛県宇和島市吉田町北小路甲２０１−３,,0895-52-3060,,https://tabelog.com/ehime/A3804/A380401/38001709/,,,口コミは酸辣湯・餃子など。ラーメン記載なし
g-ChIJI8ZAq2XPUTURyVVOnqoWWb0,自然派中華 初華（はつはな）,中華料理,新居浜市,〒792-0811 愛媛県新居浜市庄内町４丁目５−３７,,0897-34-6144,hatsuhana.niihama,https://tabelog.com/ehime/A3802/A380203/38014842/,,,四川風炒め焼きそばはあるが汁麺の記載なし
g-ChIJdccCRdDOUTUR8c0M6q9-C9s,中国菜房 くどう,中華料理,新居浜市,〒792-0022 愛媛県新居浜市徳常町２−８ KATOビル 1F,,0897-47-8158,,https://tabelog.com/ehime/A3802/A380203/38011379/,,,炸醤麺風の汁なし麺の口コミあり。ラーメン（汁麺）は未確認
g-ChIJbbujkdLIUTURiXHmtkzWT6s,中国四川酒房 東風,中華料理,新居浜市,〒792-0864 愛媛県新居浜市東雲町２丁目５−７,,0897-35-3232,tonpou_102,https://tabelog.com/ehime/A3802/A380203/38001726/,,,四川料理・点心中心。ラーメン記載なし
g-ChIJVw4bFqrPUTURNt83o-F1BDg,媛山房,中華料理,新居浜市,〒792-0043 愛媛県新居浜市土橋２丁目１７−２７,,0897-41-2002,,,,,コース料理のみ・完全予約制；ラーメン記載なし
g-ChIJ5WJMLZXpTzUR4j9EU9raUMc,中華料理 髙爛,中華料理,東温市,〒791-0215 愛媛県東温市北野田７８４−６,,089-964-4147,koran4147,https://tabelog.com/ehime/A3801/A380102/38012635/,,,たこ焼き・焼きそば・定食中心。ラーメン記載なし
g-ChIJq3OLkxfvTzUR6s97bQ4GcXg,zenshin厨房 忠香,中華料理,松山市,〒791-8032 愛媛県松山市南斎院町９３４−８,,089-909-6399,zenshin_chuka,https://tabelog.com/ehime/A3801/A380101/38014871/,,,あんかけ焼きそばはあるがラーメン記載なし
g-ChIJDYgZCe_lTzURNFtfN1MhRlI,笑喜喜,中華料理,松山市,〒790-0003 愛媛県松山市三番町１丁目１３−８ 藤村ビル 1F,,089-945-7303,matsuyama_syo,https://tabelog.com/ehime/A3801/A380101/38005599/,,,メニューなしのおまかせ中華。ラーメン記載なし
g-ChIJd5yifwvlTzURjWCHWLaSuuw,泰風苑,中華料理,松山市,〒791-8016 愛媛県松山市久万ノ台６３５−８,,089-926-0048,,https://tabelog.com/ehime/A3801/A380101/38001654/,,,Web上で情報なし
rdb-120587,中華菜飯 愛華,中華料理,松山市,愛媛県松山市中村3-4-6 1F,,089-947-1668,,https://tabelog.com/ehime/A3801/A380101/38011530/,,,ボリューム中華の口コミのみ。ラーメン記載なし
g-ChIJi5miqPcdUDURqJnsJxBD9ro,中華食堂＆バル 光楽,中華料理,松山市,〒799-2430 愛媛県松山市北条辻１４００−８,,089-992-0419,kouraku_dining_bar,https://tabelog.com/ehime/A3801/A380101/38015396/,,,看板は酢豚。地図サイトでラーメン分類だがメニュー未確認
g-ChIJq_6aoz3vTzURhJWGNx4sIO8,揚子江,中華料理,松山市,〒790-0943 愛媛県松山市古川南３丁目１４−３,,089-957-8975,,https://tabelog.com/ehime/A3801/A380101/38001659/,,,ラーメン記載なし
g-ChIJ-UihH3DSUTUR524eZfSQ2n8,中華しん,中華料理,西条市,〒793-0010 愛媛県西条市飯岡３２６,,0897-55-0089,,https://tabelog.com/ehime/A3802/A380202/38010525/,,,ラーメン記載なし
g-ChIJ11V8VVk6UDUREzMws4N4SGE,つくし食堂,食堂・定食,今治市,〒794-0028 愛媛県今治市北宝来町１丁目５−２,,0898-32-6573,,https://tabelog.com/ehime/A3802/A380201/38000150/,,,定食中心。ラーメン記載なし
g-ChIJA7al_E47UDURHAD6_Hw5G9M,海鮮 うおきん食堂 今治新都市店,食堂・定食,今治市,〒794-0068 愛媛県今治市にぎわい広場1番地1 イオンモール今治新都市 1階,,090-1442-9462,uokinimabari,https://tabelog.com/ehime/A3802/A380201/38017278/,,,2026年8月開店の海鮮定食店。ラーメン記載なし
g-ChIJjb65KhE_UDURJHSNsJEOApY,関前食堂,食堂・定食,今治市,〒794-1101 愛媛県今治市関前岡村甲852 4,,090-7211-5571,,https://tabelog.com/ehime/A3802/A380201/38013742/,,,カレー・漬け丼中心。ラーメン記載なし
osm-n8321885045,彩菜食堂,食堂・定食,今治市,〒794-0840 愛媛県今治市中寺２７９−１,,,jaochiimabari,https://tabelog.com/ehime/A3802/A380201/38001104/,,,JA直売所のセルフ式和食堂。ラーメン記載なし
osm-w806267488,三日月食堂,食堂・定食,今治市,〒799-1502 愛媛県今治市喜田村２丁目４−２２,,0898-47-6022,mikazukishokudo,https://tabelog.com/ehime/A3802/A380201/38007831/,,,定食・丼・麺類ありとの記事あり。ラーメンの有無は未確認
g-ChIJE1DFx1zzTzURgu22vLE0XpA,ふじた食堂,食堂・定食,伊予市,〒799-3113 愛媛県伊予市米湊８２７−４,,090-6282-2961,fujita_eatery,https://tabelog.com/ehime/A3801/A380103/38016006/,,,日替わり定食・モーニング中心。ラーメン記載なし
g-ChIJhRMeb5LGUTURC6iLL1yqHB4,ドライブイン スズラン,食堂・定食,四国中央市,〒799-0721 愛媛県四国中央市土居町上野２９０８−４,,0896-74-3332,,,,,Web上で情報なし
g-ChIJ6eiwDQCNUTURxoA7FWD0-dU,宮本食堂,食堂・定食,四国中央市,〒799-0303 愛媛県四国中央市新宮町新宮４７７,,,,https://tabelog.com/ehime/A3802/A380204/38015654/,,,Web上で情報なし
g-ChIJk1LinvLAUTURlJkASNkHKqo,元気食堂,食堂・定食,四国中央市,〒799-0702 愛媛県四国中央市土居町土居町小林１１８４−１,,0896-77-5163,,https://tabelog.com/ehime/A3802/A380204/38010222/,,,揚げ物定食中心。ラーメン記載なし
g-ChIJ7aMsTwCVUTURiNJuxnl-Jkg,食堂 だんだん,食堂・定食,四国中央市,〒799-0404 愛媛県四国中央市三島宮川４丁目６−５５,,,,,,,Web上で情報なし
g-ChIJVVWQzevAUTURqkpFcun4yqo,大衆食堂しのはら,食堂・定食,四国中央市,〒799-0711 愛媛県四国中央市土居町土居４９−１,,,,https://tabelog.com/ehime/A3802/A380204/38013596/,,,焼きそば・定食の昭和食堂。ラーメン記載なし
osm-n12032835645,にこにこ食堂,食堂・定食,宇和島市,〒798-0060 愛媛県宇和島市丸之内２丁目１−１６,,0895-25-7020,,,,,Web上で情報なし
g-ChIJl-aXeXf2RTUR8qjP0_5fD2I,みよし食堂,食堂・定食,宇和島市,〒798-3301 愛媛県宇和島市津島町岩松甲７２７,,,,,,,Web上で情報なし
g-ChIJyZIYQI1hTzURyni9CoU6C6A,栄楽食堂,食堂・定食,宇和島市,〒798-0020 愛媛県宇和島市高串１−４９４−１,,0895-24-3601,,,,,Web上で情報なし
g-ChIJ8TeYfuL5RTUR7Wn8X4haV7A,西ドライブイン,食堂・定食,宇和島市,〒798-3343 愛媛県宇和島市津島町針木２４１−３,,0895-35-0322,,https://tabelog.com/ehime/A3804/A380401/38001007/,,,朝獲れ魚の定食・六宝定食が中心。ラーメン記載なし
g-ChIJoYu1fbphTzUR-Qd_QJge1Xo,闘牛 グリル・ワイン食堂,食堂・定食,宇和島市,〒798-0060 愛媛県宇和島市丸之内５丁目４−１９ 小林ビル 1Ｆ,,,tougyu.bouillon.uwajima,,,,グリル・ワイン食堂。ラーメン記載なし
osm-n9718648379,市場食堂,食堂・定食,愛南町,愛媛県愛南町鯆越1664,Su-Fr 07:00-17:00,+81 895 73 2556,ainanshichangshitang,https://tabelog.com/ehime/A3804/A380404/38007391/,,,海鮮丼・定食の市場食堂。ラーメン記載なし
g-ChIJp3LeIxLvTzURVTQ958FJJt0,JAえひめ中央 おひさま食堂,食堂・定食,松山市,〒790-0012 愛媛県松山市湊町８丁目１２０−１,,089-913-7713,ja_ohisama_gram,https://tabelog.com/ehime/A3801/A380101/38012871/,,,JA直営セルフ食堂。麺類はあるがラーメンの有無は未確認
g-ChIJ5bn4xwLlTzURQnD60re6yqg,デブ猫ちゃん食堂（愛媛新聞社員食堂）,食堂・定食,松山市,〒790-0067 愛媛県松山市大手町１丁目１２−１,,,dining_debuneko_chan,https://tabelog.com/ehime/A3801/A380101/38012151/,,,日替わり定食2種のみの社員食堂。ラーメン記載なし
g-ChIJEVpwr57vTzURNWpr1igzKpw,トアル食堂,食堂・定食,松山市,〒790-0056 愛媛県松山市土居田町６３０−１ 八束ビル,,089-971-7233,masami698,https://tabelog.com/ehime/A3801/A380101/38007531/,,,定食・居酒屋。ラーメン記載なし
g-ChIJT2bJHLjoTzURcW53dnWYowY,まいどおおきに食堂 のうめん食堂,食堂・定食,松山市,〒791-1116 愛媛県松山市南土居町５３６−１ まいどおおきに食堂のうめん食堂,,089-976-0966,,https://tabelog.com/ehime/A3801/A380101/38004756/,,,セルフ式の和定食チェーン。ラーメン記載なし
g-ChIJLawB_eZwTzURl66RfDthTWw,アカネ食堂,食堂・定食,鬼北町,〒798-1311 愛媛県北宇和郡鬼北町小松６０,,0895-48-0966,,https://tabelog.com/ehime/A3804/A380403/38012277/,,,Web上で情報なし
