id,店名,分類,市区町村,住所,営業時間,Instagram,ラーメン有無,タグ一覧
rdb-150777,お食事処 瀬戸,食堂・定食,松山市,愛媛県松山市中島大浦1621-3,,,,
g-ChIJEehlrULlTzURriA1qX_2Ozw,まいどおおきに食堂 ふるみつ食堂,食堂・定食,松山市,〒791-8067 愛媛県松山市古三津５丁目８−２２,,furumitushokudou,,
rdb-16812,りんりん亭,食堂・定食,松山市,愛媛県松山市市坪西町796-6,,,,
osm-n13866539537,伊予食堂おとら,食堂・定食,松山市,〒790-0842 愛媛県松山市道後湯之町３−１５,,iyoshokudou_otora,,
g-ChIJgYHoJPLlTzURqUsmzgJ5YYg,一力食堂,食堂・定食,松山市,〒790-0013 愛媛県松山市河原町１０−１０,,,,
g-ChIJOUaa4ovlTzURlvsPBvEEyrE,紀の国屋食堂,食堂・定食,松山市,〒790-0012 愛媛県松山市湊町５丁目３−５,,,,
g-ChIJVbm4lQnnTzUR9Ma9NPLJIts,食堂 めしや,食堂・定食,松山市,〒790-0852 愛媛県松山市石手２丁目９−２０,,naganoman8008,,
osm-n2385772454,食堂はなみずきごはんや,食堂・定食,松山市,〒790-0942 愛媛県松山市古川北３丁目８−３６０−６,,,,
g-ChIJ8UMeCgDnTzURxoHN-otNLCA,大衆食堂スタンドそのだ 松山たかのこ店,食堂・定食,松山市,〒790-0925 愛媛県松山市鷹子町７３６−４ たかのこの湯 内,,sonoda.takanoko,,
g-ChIJyzC8dwDlTzUROcpDxYpuuRA,大衆食堂なみなみ,食堂・定食,松山市,〒790-0003 愛媛県松山市三番町１丁目１５−１ 101,,nami_nami0602,,
g-ChIJI7ts9lzlTzUR66LUMRNhFZs,日の出食堂,食堂・定食,松山市,〒791-8067 愛媛県松山市古三津６丁目１−１２,,,,
g-ChIJ3Toeas3oTzURk3kzjVSgrfQ,平野屋食堂,食堂・定食,松山市,〒791-1114 愛媛県松山市井門町４８,,,,
g-ChIJPUKXWYTvTzURmKVaR2pQMOY,坊っちゃん食堂 三冠王,食堂・定食,松山市,〒790-0948 愛媛県松山市市坪西町625−１,,bochansyokudo_3can0,,
g-ChIJ4Uaj00HlTzURl9OlS6i8PTY,里味食堂,食堂・定食,松山市,〒791-8076 愛媛県松山市会津町１２−３,,,,
g-ChIJr87wYADvTzURH12wvotlTJY,村一番食堂,食堂・定食,松前町,〒791-3162 愛媛県伊予郡松前町出作５５３−５,,mura1banshokudo,,
g-ChIJ9_VwpwetUTURzjey3ztaAVM,食堂棟,食堂・定食,上島町,〒794-2511 愛媛県越智郡上島町弓削日比食堂棟,,,,
g-ChIJvRQ1m9nPUTURO9UlwK3BCSA,お登り食堂,食堂・定食,新居浜市,〒792-0017 愛媛県新居浜市若水町１丁目９−６,,,,
g-ChIJUTarbQDPUTUReowRkJPVCfI,かあちゃん食堂,食堂・定食,新居浜市,〒792-0060 愛媛県新居浜市大生院５９−２,,,,
osm-n696846346,こくりょう食堂,食堂・定食,新居浜市,〒792-0854 愛媛県新居浜市国領１丁目１８２３−１,,,,
g-ChIJcZKI89nIUTURlp8IYwv_mCA,こまどり食堂,食堂・定食,新居浜市,〒792-0862 愛媛県新居浜市沢津町１丁目４−２２,,,,
g-ChIJM0znNQDFUTURfQ90IcUjXos,ひろみ食堂,食堂・定食,新居浜市,〒792-0856 愛媛県新居浜市船木２５６６−３,,hiromi.shokudou,,
g-ChIJE1OTTc7PUTURBkZoHVNr5sg,若宮食堂,食堂・定食,新居浜市,〒792-0003 愛媛県新居浜市新田町１丁目８−５６,,wakamiya_syokudou,,
g-ChIJ4ZHe-9rOUTURcuv2pYo0ct8,新居浜市役所地下食堂浜食,食堂・定食,新居浜市,〒792-0025 愛媛県新居浜市一宮町１丁目５−１,,,,
osm-w1272055841,新居浜昭和通り食堂,食堂・定食,新居浜市,〒792-0802 愛媛県新居浜市新須賀町２丁目１０−７,,,,
g-ChIJ2SGG_6jPUTURJAgMuKDgcOg,西蓮寺食堂,食堂・定食,新居浜市,〒792-0831 愛媛県新居浜市西連寺町１丁目１１−２７,,,,
osm-n5266225899,多賀屋食堂,食堂・定食,新居浜市,〒792-0862 愛媛県新居浜市沢津町３丁目１−３,,,,
g-ChIJcwfPKi3JUTURUeDejrGb7vQ,多賀屋食堂 菊本支店,食堂・定食,新居浜市,〒792-0801 愛媛県新居浜市菊本町１丁目２−２７,,,,
g-ChIJ83GQHaTPUTURNWhnWSPyAy8,大衆食堂 のんのキッチン,食堂・定食,新居浜市,〒792-0004 愛媛県新居浜市北新町５−１７,,nonno.kitchen,,
g-ChIJDQLwv1wuUDURhJfXtZDzJxw,いとう食堂,食堂・定食,西条市,〒799-1304 愛媛県西条市河原津新田甲121-1,,,,
g-ChIJ08r3-bkvUDUREWx512OLY6U,かたらい食堂,食堂・定食,西条市,〒799-1351 愛媛県西条市三津屋１７４,,katarai_syokudou,,
g-ChIJia3X2ZAuUDURUAlPzoAtmUo,かどや食堂,食堂・定食,西条市,〒799-1341 愛媛県西条市壬生川６６−２,,,,
g-ChIJC5FUNgArUDURSPyWU-EmhP8,さくら食堂,食堂・定食,西条市,〒793-0214 愛媛県西条市中奥１号２−１,,,,
g-ChIJ9yyofx_TUTURLf31nzJoR40,とらや食堂,食堂・定食,西条市,愛媛県西条市福武甲,,,,
g-ChIJV9zUxu3SUTURCsUyFrlUGb4,まいどおおきに食堂 西条福武食堂,食堂・定食,西条市,〒793-0035 愛媛県西条市福武甲４５６−２,,,,
g-ChIJVXEqtIorUDUR1xks7LW_X_I,わいん食堂 カゴヤ 10taro (ジュタロ),食堂・定食,西条市,〒799-1101 愛媛県西条市小松町新屋敷４０３−１,,kagoya10taro,,
g-ChIJ87TvWQDTUTURBktHgJXl0wM,丸福食堂,食堂・定食,西条市,〒793-0010 愛媛県西条市飯岡１４００−４,,marufuku2026.2,,
g-ChIJce36MC0tUDUR23KsC4Dd53E,喜多川食堂,食堂・定食,西条市,〒793-0042 愛媛県西条市喜多川４２８−６,,,,
g-ChIJ_VnTIwAtUDURl1fbrtpwXKs,古民家 食堂 ふじいろ,食堂・定食,西条市,〒793-0042 愛媛県西条市喜多川４５７−５,,shokudofujiiro,,
g-ChIJ2SKi3wsvUDURMMN4yVTLot0,周越ドライブイン,食堂・定食,西条市,〒799-1317 愛媛県西条市実報寺乙１９２−６,,,,
g-ChIJn9WJAwArUDURXtjV_HRiANw,石鎚食堂｜石鎚山SA下り,食堂・定食,西条市,〒799-1101 愛媛県西条市小松町新屋敷３４−４,,,,
g-ChIJqUp3ks_SUTUR92LvPDILRdA,双葉食堂,食堂・定食,西条市,〒793-0030 愛媛県西条市大町１６５９,,,,
g-ChIJOXxAdQAvUDURM_NEfvqRT0I,東予電氣食堂,食堂・定食,西条市,〒799-1353 愛媛県西条市三津屋南１４−２,,,,
g-ChIJV0LqgQUpUDURorvk7UMFzHQ,福美食堂,食堂・定食,西条市,〒791-0522 愛媛県西条市丹原町田野上方５１７−４,,,,
g-ChIJn2AsWpCPRTURcaiuiSWYfBg,いさか食堂,食堂・定食,西予市,〒796-0909 愛媛県西予市三瓶町安土３,,,,
g-ChIJMTIEl3R5TzURS_1VvGXyuF4,ココ食堂,食堂・定食,西予市,１２-459 野村町野村 西予市 愛媛県 797-1212,,,,
g-ChIJv8j_cyh1TzURzq4m8nwmQRE,テルメ食堂,食堂・定食,西予市,〒797-1705 愛媛県西予市城川町高野子４６,,,,
g-ChIJy6ENvFx5TzURSOKK7dR5l0U,ときわ食堂,食堂・定食,西予市,〒797-1212 愛媛県西予市野村町野村１２−３２３,,,,
g-ChIJr0yDymKHRTURVKxoJf2QJiI,やすい食堂,食堂・定食,西予市,〒797-0015 愛媛県西予市宇和町卯之町１丁目４１０−１,,,,
g-ChIJ-8ssE7SdTzURTyxquFzo8sU,食堂ゆすかわ(遊子川ザ・リコピンズ),食堂・定食,西予市,〒797-1712 愛媛県西予市城川町遊子谷２３７０−１,,,,
g-ChIJr3c8CuZ1TzURtmYi2fkRqXI,農家食堂なごみ亭,食堂・定食,西予市,〒797-1705 愛媛県西予市城川町高野子９６,,,,
g-ChIJMX2ZE3B8RTURvlmtaQKlraI,さのや食堂,食堂・定食,大洲市,〒799-3401 愛媛県大洲市長浜甲２３１,,,,
g-ChIJ5Zfqa4GATzURY9_MdEG_HLI,わか宮食堂,食堂・定食,大洲市,〒795-0064 愛媛県大洲市東大洲１９５,,,,
g-ChIJwwTGhTJ5RTUROTCdQbyjYu8,山食堂,食堂・定食,大洲市,〒799-3462 愛媛県大洲市豊茂乙４２２,,,,
g-ChIJYY7-UcGATzURFwVGJ1lVYHg,十夜ヶ橋食堂,食堂・定食,大洲市,〒795-0064 愛媛県大洲市東大洲１８１４−１,,,,
g-ChIJd1kl4OCATzUR-1X2rI7cYHU,神山食堂,食堂・定食,大洲市,〒795-0061 愛媛県大洲市徳森２２１７−５９,,,,
g-ChIJXaMLhv3rTzURqnQaBLDsxo4,ちとせ食堂,食堂・定食,砥部町,〒791-2122 愛媛県伊予郡砥部町千足２１２,,,,
g-ChIJ___rzVXdTzUR2rpywGAKJ1o,食堂COSO,食堂・定食,東温市,〒791-0210 愛媛県東温市田窪３３９−５,,caffetteria_coso,,
g-ChIJNbFy18KWTzUR2tXi_TP-CIA,小番食堂,食堂・定食,内子町,〒791-3501 愛媛県喜多郡内子町小田１２８,,,,
g-ChIJSczdGX2XTzURXt01_U0ALLI,日切食堂,食堂・定食,内子町,〒791-3502 愛媛県喜多郡内子町寺村５９３−１１,,higiri_3682,,
osm-n7023076989,どーや食堂,食堂・定食,八幡浜市,〒796-0087 愛媛県八幡浜市沖新田１５８１−２３,,,,
rdb-63916,フジ観光,食堂・定食,八幡浜市,愛媛県八幡浜市沖新田1583-15,,,,
g-ChIJk_JcmpyERTUR3SBjX2T5tho,メリー食堂,食堂・定食,八幡浜市,〒796-0085 愛媛県八幡浜市天神通り２丁目１５２６−２０６,,,,
g-ChIJ4729HtuDRTURIs-lmiiQb-8,わくわく食堂,食堂・定食,八幡浜市,〒796-0048 愛媛県八幡浜市北浜１丁目１−１,,,,
rdb-22192,丸山ちゃんぽん,食堂・定食,八幡浜市,愛媛県八幡浜市下道371-9,,,,
g-ChIJt46sQWCDRTURZRtn8SYMIyU,好好食堂Champa （チャンパー）,食堂・定食,八幡浜市,〒796-0112 愛媛県八幡浜市保内町須川２７７−１,,champa_hao,,
g-ChIJZWja2EWDRTURALRu--eaB7I,食堂ごりらくん,食堂・定食,八幡浜市,〒796-0111 愛媛県八幡浜市保内町喜木１−６８−５,,,,
osm-n7023308270,清家食堂,食堂・定食,八幡浜市,〒796-0079 愛媛県八幡浜市新港戎町４３５,,,,
g-ChIJK1wIgkCDRTURUbTkhr4YvIk,白石食堂,食堂・定食,八幡浜市,〒796-0111 愛媛県八幡浜市保内町喜木２−１０３−３,,,,
