id,店名,分類,市区町村,住所,営業時間,Instagram,ラーメン有無,タグ一覧,備考
g-ChIJCxzDPs1hTzURKH0rFVhxVPE,ルパ・ルパ,中華料理,宇和島市,〒798-0060 愛媛県宇和島市丸之内４丁目４−２６,,,あり,醤油;ちゃんぽん;担々麺,
g-ChIJO5fBL9n0RTURZmyY0S9jTIQ,一心,中華料理,宇和島市,〒798-0094 愛媛県宇和島市蕨１９−６,,,なし,,閉業
g-ChIJwSo6jsdhTzUROo5DL2O9mww,火鍋・もつ鍋 「藤」,中華料理,宇和島市,〒798-0035 愛媛県宇和島市新町１丁目５−２８,,,不明,,Web上で情報なし
g-ChIJ4RhZZOiJRTURvkkXj2ef3kQ,友誼苑,中華料理,宇和島市,〒799-3701 愛媛県宇和島市吉田町北小路甲２０１−３,,,不明,,口コミは酸辣湯・餃子など。ラーメン記載なし
g-ChIJ6-6kAovBTzURfX70xK_lY-o,久万の小さな中華屋さん たんたん,中華料理,久万高原町,〒791-1201 愛媛県上浮穴郡久万高原町久万２１５,,,不明,,Web上で情報なし（店名から担々麺の可能性）
g-ChIJJ2EgyUI6UDURQyRKx5yXeuY,中華居酒屋りん,中華料理,今治市,〒794-0025 愛媛県今治市大正町２丁目１−５,,,あり,よだれ鶏麺;四川;旨辛,ランチ限定メニュー（数量限定）
rdb-123846,中華料理 福龍,中華料理,今治市,愛媛県今治市郷本町3-4-19,,,あり,中華そば;町中華;ラーメン定食;ボリューム満点,
g-ChIJaWzynn06UDURtSLzHc0VN10,美楽園,中華料理,今治市,〒794-0812 愛媛県今治市北高下町１丁目１−４０,,,不明,,ラーメン提供の情報なし
osm-n8314578551,福龍,中華料理,今治市,〒794-0823 愛媛県今治市郷本町３丁目４−１９,,fukuryu1502,あり,中華そば;町中華;ラーメン定食;ボリューム満点,rdb-123846と同一店舗（重複）
g-ChIJAQDMBts7UDURnc6AQUYNoBI,龍凰,中華料理,今治市,〒799-2118 愛媛県今治市波止浜１１−５０,,,不明,,Web上で情報なし
osm-w880153168,榕城,中華料理,今治市,〒799-1505 愛媛県今治市東村３７９,,,あり,中華そば;町中華,口コミで中華そばが人気メニュー
g-ChIJXawqhnDAUTUR8Jl7FY_7-ZA,四川亭,中華料理,四国中央市,〒799-0704 愛媛県四国中央市土居町津根１９００,,,不明,,麻婆豆腐・エビチリが看板。ラーメン記載なし
g-ChIJS-PdYnKUUTURcWONXUyMZP0,中国料理 柘,中華料理,四国中央市,〒799-0413 愛媛県四国中央市中曽根町５０４９−４,,,あり,担々麺;胡麻;辛口,
g-ChIJl9OFK_HlTzURICRU3-z-yxM,Chinese Restaurant Kisaiya 松山店,中華料理,松山市,〒790-0067 愛媛県松山市大手町２丁目8−１１ 1F （阿 龍内,,kisaiya76,なし,,閉業
g-ChIJq3OLkxfvTzUR6s97bQ4GcXg,zenshin厨房 忠香,中華料理,松山市,〒791-8032 愛媛県松山市南斎院町９３４−８,,zenshin_chuka,不明,,あんかけ焼きそばはあるがラーメン記載なし
g-ChIJt5d4SL7lTzURSOiXGayDGjg,いのうえ家,中華料理,松山市,〒790-0823 愛媛県松山市清水町２丁目２０−１７,,inoueya_matsuyama,あり,醤油;豚骨,焼豚玉子めしとのセットメニューあり
g-ChIJ7WUZGx_lTzUR9zPxDX4mKY4,古民家 中華居酒屋 中ちゃん,中華料理,松山市,〒790-0002 愛媛県松山市二番町３丁目２−１,,naka0807,あり,中華そば;ちゃんぽん,半チャンラーメン・天津飯ラーメンのランチセットあり
g-ChIJgxnrJMXlTzURAZx1LhppCOc,菜温,中華料理,松山市,〒790-0825 愛媛県松山市道後樋又１−２３ イエローコーポ,,saion2007,あり,担々麺;四川;辛口;黒酢炒麺,
g-ChIJDYgZCe_lTzURNFtfN1MhRlI,笑喜喜,中華料理,松山市,〒790-0003 愛媛県松山市三番町１丁目１３−８ 藤村ビル 1F,,matsuyama_syo,不明,,メニューなしのおまかせ中華。ラーメン記載なし
g-ChIJg1_sAhriTzURF4toWrErlRc,仙楓,中華料理,松山市,〒799-2435 愛媛県松山市府中７１０−１,,,あり,あっさり;町中華;担々麺;セットメニュー,口コミであっさりスープのラーメン、担々麺の記載あり
g-ChIJd5yifwvlTzURjWCHWLaSuuw,泰風苑,中華料理,松山市,〒791-8016 愛媛県松山市久万ノ台６３５−８,,,不明,,Web上で情報なし
rdb-120587,中華菜飯 愛華,中華料理,松山市,愛媛県松山市中村3-4-6 1F,,,不明,,ボリューム中華の口コミのみ。ラーメン記載なし
rdb-140216,中華旬菜 西尾,中華料理,松山市,愛媛県松山市千舟町5-1-5 ワークビル1F,,,あり,担々麺;汁なし担々麺;酸辣湯麺;四川;胡麻;辛口,四川飯店出身シェフ
g-ChIJi5miqPcdUDURqJnsJxBD9ro,中華食堂＆バル 光楽,中華料理,松山市,〒799-2430 愛媛県松山市北条辻１４００−８,,kouraku_dining_bar,不明,,看板は酢豚。地図サイトでラーメン分類だがメニュー未確認
g-ChIJq_6aoz3vTzURhJWGNx4sIO8,揚子江,中華料理,松山市,〒790-0943 愛媛県松山市古川南３丁目１４−３,,,不明,,ラーメン記載なし
g-ChIJxTwZOMbOUTURTIRz0qZcgkU,京珉,中華料理,新居浜市,〒792-0013 愛媛県新居浜市泉池町４−３６,,,あり,タンメン;町中華;冷麺,昭和54年創業の老舗町中華
g-ChIJI8ZAq2XPUTURyVVOnqoWWb0,自然派中華 初華（はつはな）,中華料理,新居浜市,〒792-0811 愛媛県新居浜市庄内町４丁目５−３７,,hatsuhana.niihama,不明,,四川風炒め焼きそばはあるが汁麺の記載なし
g-ChIJdccCRdDOUTUR8c0M6q9-C9s,中国菜房 くどう,中華料理,新居浜市,〒792-0022 愛媛県新居浜市徳常町２−８ KATOビル 1F,,,不明,,炸醤麺風の汁なし麺の口コミあり。ラーメン（汁麺）は未確認
g-ChIJbbujkdLIUTURiXHmtkzWT6s,中国四川酒房 東風,中華料理,新居浜市,〒792-0864 愛媛県新居浜市東雲町２丁目５−７,,tonpou_102,不明,,四川料理・点心中心。ラーメン記載なし
g-ChIJVw4bFqrPUTURNt83o-F1BDg,媛山房,中華料理,新居浜市,〒792-0043 愛媛県新居浜市土橋２丁目１７−２７,,,不明,,コース料理のみ・完全予約制；ラーメン記載なし
g-ChIJjfxmEXIvUDURE8l3S_4_ZOY,台湾料理桃園,中華料理,西条市,〒799-1353 愛媛県西条市三津屋南4−３５,,,あり,醤油;塩;味噌;豚骨;担々麺;ちゃんぽん;激辛,2026年3月開店
g-ChIJ-UihH3DSUTUR524eZfSQ2n8,中華しん,中華料理,西条市,〒793-0010 愛媛県西条市飯岡３２６,,,不明,,ラーメン記載なし
g-ChIJjdzvsI7TUTURkE4LGnOF420,中華淑々,中華料理,西条市,〒793-0030 愛媛県西条市大町１６９３,,shukushukunotuma,あり,ちゃんぽん;担々麺;中華そば,
g-ChIJD7BH98cpUDURWmISBDeGm2s,覇王樹,中華料理,西条市,〒791-0508 愛媛県西条市丹原町池田１７０７−７,,,あり,醤油;ピリ辛;ニンニク;清湯;中加水麺;佳肴麺,名物はチキン南蛮の食堂系
osm-n12269045004,幸楽,中華料理,西予市,〒796-0908 愛媛県西予市三瓶町津布理７−２８５,,,あり,牛もつラーメン;野菜;町中華,
g-ChIJq4WiQuZ1TzURGUM7zFw67eQ,食酔坊・宝,中華料理,西予市,〒797-1705 愛媛県西予市城川町高野子７５−１,,housenbou_lodge,あり,醤油;味噌;ちゃんぽん,和洋中のレストラン
g-ChIJNUp68NN_RTURJf9o2TWW0o0,中国菜館 蓮花,中華料理,大洲市,〒795-0054 愛媛県大洲市中村２１９−１,,,あり,中華そば;チャーシューメン;五目そば;天津麺;ワンタン麺;ちゃんぽん;あっさり;ボリューム満点,
g-ChIJmQmqleCATzURmCvJRPcNJDc,東明閣,中華料理,大洲市,〒795-0061 愛媛県大洲市徳森２２４５−４４,,,あり,ちゃんぽん;中華そば,
g-ChIJ5WJMLZXpTzUR4j9EU9raUMc,中華料理 髙爛,中華料理,東温市,〒791-0215 愛媛県東温市北野田７８４−６,,koran4147,不明,,たこ焼き・焼きそば・定食中心。ラーメン記載なし
osm-n9718648379,市場食堂,食堂・定食,愛南町,愛媛県愛南町鯆越1664,Su-Fr 07:00-17:00,ainanshichangshitang,不明,,海鮮丼・定食の市場食堂。ラーメン記載なし
g-ChIJE1DFx1zzTzURgu22vLE0XpA,ふじた食堂,食堂・定食,伊予市,〒799-3113 愛媛県伊予市米湊８２７−４,,fujita_eatery,不明,,日替わり定食・モーニング中心。ラーメン記載なし
osm-n12032835645,にこにこ食堂,食堂・定食,宇和島市,〒798-0060 愛媛県宇和島市丸之内２丁目１−１６,,,不明,,Web上で情報なし
g-ChIJl-aXeXf2RTUR8qjP0_5fD2I,みよし食堂,食堂・定食,宇和島市,〒798-3301 愛媛県宇和島市津島町岩松甲７２７,,,不明,,Web上で情報なし
g-ChIJyZIYQI1hTzURyni9CoU6C6A,栄楽食堂,食堂・定食,宇和島市,〒798-0020 愛媛県宇和島市高串１−４９４−１,,,不明,,Web上で情報なし
g-ChIJ8TeYfuL5RTUR7Wn8X4haV7A,西ドライブイン,食堂・定食,宇和島市,〒798-3343 愛媛県宇和島市津島町針木２４１−３,,,不明,,朝獲れ魚の定食・六宝定食が中心。ラーメン記載なし
g-ChIJoYu1fbphTzUR-Qd_QJge1Xo,闘牛 グリル・ワイン食堂,食堂・定食,宇和島市,〒798-0060 愛媛県宇和島市丸之内５丁目４−１９ 小林ビル 1Ｆ,,tougyu.bouillon.uwajima,不明,,グリル・ワイン食堂。ラーメン記載なし
g-ChIJLawB_eZwTzURl66RfDthTWw,アカネ食堂,食堂・定食,鬼北町,〒798-1311 愛媛県北宇和郡鬼北町小松６０,,,不明,,Web上で情報なし
osm-n12161936305,久万山食堂,食堂・定食,久万高原町,〒791-1501 愛媛県上浮穴郡久万高原町上黒岩２８４０,,michinoeki.mikawa,あり,中華そば;昔ながら;チャーシュー;担々麺;台湾ラーメン;鶏五目そば,道の駅みかわ内。担々麺・台湾ラーメンは週末限定の時期あり
g-ChIJTaA_E67ITzURXIDvi9JGiEQ,旧 ふるさと食堂,食堂・定食,久万高原町,〒791-1512 愛媛県上浮穴郡久万高原町東川１９３,,,なし,,閉業
g-ChIJ11V8VVk6UDUREzMws4N4SGE,つくし食堂,食堂・定食,今治市,〒794-0028 愛媛県今治市北宝来町１丁目５−２,,,不明,,定食中心。ラーメン記載なし
g-ChIJA7al_E47UDURHAD6_Hw5G9M,海鮮 うおきん食堂 今治新都市店,食堂・定食,今治市,〒794-0068 愛媛県今治市にぎわい広場1番地1 イオンモール今治新都市 1階,,uokinimabari,不明,,2026年8月開店の海鮮定食店。ラーメン記載なし
g-ChIJjb65KhE_UDURJHSNsJEOApY,関前食堂,食堂・定食,今治市,〒794-1101 愛媛県今治市関前岡村甲852 4,,,不明,,カレー・漬け丼中心。ラーメン記載なし
osm-n8321885045,彩菜食堂,食堂・定食,今治市,〒794-0840 愛媛県今治市中寺２７９−１,,jaochiimabari,不明,,JA直売所のセルフ式和食堂。ラーメン記載なし
osm-w806267488,三日月食堂,食堂・定食,今治市,〒799-1502 愛媛県今治市喜田村２丁目４−２２,,mikazukishokudo,不明,,定食・丼・麺類ありとの記事あり。ラーメンの有無は未確認
g-ChIJhRMeb5LGUTURC6iLL1yqHB4,ドライブイン スズラン,食堂・定食,四国中央市,〒799-0721 愛媛県四国中央市土居町上野２９０８−４,,,不明,,Web上で情報なし
g-ChIJ6eiwDQCNUTURxoA7FWD0-dU,宮本食堂,食堂・定食,四国中央市,〒799-0303 愛媛県四国中央市新宮町新宮４７７,,,不明,,Web上で情報なし
g-ChIJk1LinvLAUTURlJkASNkHKqo,元気食堂,食堂・定食,四国中央市,〒799-0702 愛媛県四国中央市土居町土居町小林１１８４−１,,,不明,,揚げ物定食中心。ラーメン記載なし
g-ChIJ7aMsTwCVUTURiNJuxnl-Jkg,食堂 だんだん,食堂・定食,四国中央市,〒799-0404 愛媛県四国中央市三島宮川４丁目６−５５,,,不明,,Web上で情報なし
g-ChIJVVWQzevAUTURqkpFcun4yqo,大衆食堂しのはら,食堂・定食,四国中央市,〒799-0711 愛媛県四国中央市土居町土居４９−１,,,不明,,焼きそば・定食の昭和食堂。ラーメン記載なし
g-ChIJp3LeIxLvTzURVTQ958FJJt0,JAえひめ中央 おひさま食堂,食堂・定食,松山市,〒790-0012 愛媛県松山市湊町８丁目１２０−１,,ja_ohisama_gram,不明,,JA直営セルフ食堂。麺類はあるがラーメンの有無は未確認
g-ChIJ5bn4xwLlTzURQnD60re6yqg,デブ猫ちゃん食堂（愛媛新聞社員食堂）,食堂・定食,松山市,〒790-0067 愛媛県松山市大手町１丁目１２−１,,dining_debuneko_chan,不明,,日替わり定食2種のみの社員食堂。ラーメン記載なし
g-ChIJEVpwr57vTzURNWpr1igzKpw,トアル食堂,食堂・定食,松山市,〒790-0056 愛媛県松山市土居田町６３０−１ 八束ビル,,masami698,不明,,定食・居酒屋。ラーメン記載なし
g-ChIJT2bJHLjoTzURcW53dnWYowY,まいどおおきに食堂 のうめん食堂,食堂・定食,松山市,〒791-1116 愛媛県松山市南土居町５３６−１ まいどおおきに食堂のうめん食堂,,,不明,,セルフ式の和定食チェーン。ラーメン記載なし
g-ChIJyd9xaM76TzURc8dq1ZFlgC4,みなとや食堂,食堂・定食,松山市,〒791-8081 愛媛県松山市高浜町２丁目２２５５−６,,,あり,中華そば;具だくさん;五目そば風;やさしい味;昔ながらの食堂,
