id,店名,市区町村,住所,営業時間,Instagram,ramen
"g-ChIJkXAZBA_5RTURP4re9G6SO4c","亀きち","愛南町","〒798-3701 愛媛県南宇和郡愛南町柏１９７２","","","likely"
"g-ChIJh9F0qvtVTzUR5xmzModCvgQ","水門","愛南町","〒798-4110 愛媛県南宇和郡愛南町御荘平城５３２５","","","likely"
"g-ChIJz4ICeQdWTzURfHjejFl8wG8","大樹","愛南町","〒798-4110 愛媛県南宇和郡愛南町御荘平城１２８６","","","likely"
"g-ChIJW8rPO-NVTzURJLwvX_Xktv8","道の駅 みしょう MIC","愛南町","〒798-4110 愛媛県南宇和郡愛南町御荘平城４２９６−１","","misyou_mic","likely"
"g-ChIJETUL2wtWTzURkyHqKNcgCcQ","遊遊","愛南町","〒798-4110 愛媛県南宇和郡愛南町御荘平城２１８１−２","","","likely"
"g-ChIJ7U9nr3BWTzURLK5RQl62A1I","爛漫亭","愛南町","〒798-4131 愛媛県南宇和郡愛南町城辺甲１８９０","","","likely"
"g-ChIJ61_fs3tWTzURQYbodWryhTA","萬翠","愛南町","〒798-4131 愛媛県南宇和郡愛南町城辺甲２７１０","","","likely"
"g-ChIJtbf3PB2bRTURPKGN0c78WwM","Ikata Dining 炭火焼 鶏勇","伊方町","〒796-0301 愛媛県西宇和郡伊方町湊浦１００２−１８","","minato010603","likely"
"g-ChIJW973u4OXRTURBIAkKRKJP8Q","いりふね","伊方町","〒796-0502 愛媛県西宇和郡伊方町三机乙４３６４−１１","","","likely"
"g-ChIJ0VbTJWebRTURrPyEAJAEIYM","ひろせ","伊方町","〒796-0301 愛媛県西宇和郡伊方町湊浦１９８５−２","","oryourihirose","likely"
"g-ChIJuR3Sd_O4RTURxQpmh23uRYI","まりーな亭","伊方町","〒796-0801 愛媛県西宇和郡伊方町三崎５８９","","","likely"
"g-ChIJYXJ87pKXRTURa9zQRZ_67Ic","れすとらん風車","伊方町","〒796-0506 愛媛県西宇和郡伊方町塩成乙２９３","","resutoranfengche5","likely"
"g-ChIJt34g1nDyTzURGpEVv7Zhl-4","ＨＩＫＡＲＩ","伊予市","〒799-3114 愛媛県伊予市灘町１５−４","","","likely"
"g-ChIJF_s3PgDzTzURqkzV87VYh2A","Jふらんく 伊予店","伊予市","〒799-3113 愛媛県伊予市米湊安広７２８−３","","","likely"
"g-ChIJVSNyTH_zTzURDwHbtPl_D_w","いづし","伊予市","〒799-3122 愛媛県伊予市市場１２","","","likely"
"g-ChIJj3GCjvbtTzURA6BtaGK7DuU","おが多","伊予市","〒799-3111 愛媛県伊予市下吾川４０２−１","","","likely"
"g-ChIJqzenOZfyTzUR_KGZ0KaUoIc","キッチンイチニチ","伊予市","〒799-3122 愛媛県伊予市市場７２５−１","","","likely"
"g-ChIJVVVlwo_uTzURdGE2LE94OsY","フードコート｜伊予灘SA下り","伊予市","〒799-3102 愛媛県伊予市宮下２５１７−１","","nexco_west_sapa","likely"
"g-ChIJ0c56loXuTzURTTBkFc2vqFI","フードコート｜伊予灘SA上り","伊予市","〒799-3102 愛媛県伊予市宮下２８０４−１","","nexco_west_sapa","likely"
"g-ChIJ17WCdQCNTzURjtptL28Y6DI","ユンゲ モルゲン","伊予市","〒799-3207 愛媛県伊予市双海町高岸甲２３２６","","jungmorgen202","likely"
"g-ChIJA_fd03byTzURrOw7i_dDRUA","四季","伊予市","〒799-3114 愛媛県伊予市灘町１０−１","","","likely"
"g-ChIJBSok_obyTzURI9SvHgPs0mU","味芳","伊予市","〒799-3122 愛媛県伊予市市場１３２−３","","","likely"
"g-ChIJbUC0tcthTzURDtPHmCx7J1A","Ji-Ba","宇和島市","〒798-0040 愛媛県宇和島市中央町１丁目４−１５","","","likely"
"g-ChIJW2Y4mwRjTzUR5mUkr06Fpf0","いろり茶屋","宇和島市","〒798-1114 愛媛県宇和島市三間町務田１８８","","","likely"
"g-ChIJP4zHoDJgTzURzE-obSXri7I","エポカ","宇和島市","〒798-0067 愛媛県宇和島市桝形町１丁目４−１７","","","likely"
"g-ChIJoV87wc1jTzURGef4YQq8N70","おだいし庵 (道の駅 みま)","宇和島市","〒798-1114 愛媛県宇和島市三間町務田１８１−１ 道の駅みま 内","","michinoekimima","likely"
"g-ChIJByPlEcRhTzURGasu_tscb7M","かどや","宇和島市","〒798-0006 愛媛県宇和島市弁天町１丁目１−３１８−１６","","kisaiyahiroba","likely"
"g-ChIJ54tWILP1RTUR-nmL42h-htU","ぐっさん家","宇和島市","〒798-3302 愛媛県宇和島市津島町高田２７４３−１","","gussanchi_","likely"
"g-ChIJ51_vUSFgTzURYO3TYzZXJBg","ごはん茶屋 仁","宇和島市","〒798-0082 愛媛県宇和島市長堀１丁目２−２３","","gohanchaya_jin","likely"
"g-ChIJbZV2h8lhTzUR_FXhtrNCEY4","セルフめん処 どがいぞう","宇和島市","〒798-0040 愛媛県宇和島市中央町２丁目２−２７","","","likely"
"g-ChIJdyrGwzJgTzUR7N6u8Vb0AmE","どっこいしょ","宇和島市","〒798-0060 愛媛県宇和島市丸之内１丁目６−７","","","likely"
"g-ChIJ52mUpephTzURVxhGcdVKcSw","どんと 北宇和島店","宇和島市","〒798-0022 愛媛県宇和島市伊吹町甲９１２−２","","","likely"
"g-ChIJyz0RGRVhTzURG9lHN_NO-Ko","パンダのお店","宇和島市","〒798-0040 愛媛県宇和島市中央町２丁目２−４−８ 袋町商店街 AKAMATSUビル202号","","monoqlo.cyalume","likely"
"g-ChIJVQyyD81hTzURVNkYBHCDF3w","ぼん平","宇和島市","〒798-0060 愛媛県宇和島市丸之内４丁目１−２２","","bon.pei","likely"
"g-ChIJOVoeLM9hTzURyGjSnkU7W2s","まえの","宇和島市","〒798-0033 愛媛県宇和島市鶴島町９−５","","","likely"
"g-ChIJpSMrezNgTzUREgF-6IXmxKo","ようき家","宇和島市","〒798-0060 愛媛県宇和島市丸之内２丁目１−６","","","likely"
"g-ChIJmWiu5dr1RTURdpEw4x26VCw","下北プリン","宇和島市","〒798-3302 愛媛県宇和島市津島町高田甲５８７","","","likely"
"g-ChIJ0fueJdNhTzURu6yU_xuMgLA","郷土料理 食のひろば","宇和島市","〒798-0006 愛媛県宇和島市弁天町１丁目１−３１８−１６","","kisaiyahiroba","likely"
"g-ChIJwz0esuiJRTURjCNS3efMi1U","国安","宇和島市","〒799-3703 愛媛県宇和島市吉田町東小路甲７１−１","","","likely"
"g-ChIJy3NjUslhTzURSmckg9I4p3c","三昌","宇和島市","〒798-0032 愛媛県宇和島市恵美須町１丁目５−２","","","likely"
"g-ChIJRykYV3z1RTUR7ePb7QBA4Lk","山男","宇和島市","〒798-0078 愛媛県宇和島市祝森甲４５８０−１","","","likely"
"g-ChIJnYNfGsxhTzURk69Etb4p5PI","時代屋","宇和島市","〒798-0032 愛媛県宇和島市恵美須町１丁目２−３","","","likely"
"g-ChIJVWhKlWb2RTURNSKq-5kA7_U","手づけ一本","宇和島市","〒798-3301 愛媛県宇和島市津島町岩松甲１７２１−１","","","likely"
"g-ChIJPRjgTslhTzURxx3uK4MbPOM","十万石","宇和島市","〒798-0034 愛媛県宇和島市錦町７−５","","","likely"
"g-ChIJy26VbABhTzURaoF2VUQwhgI","旬の味彩 ごしき","宇和島市","〒798-0031 愛媛県宇和島市栄町港２丁目３−６","","ujm.goshiki2024","likely"
"g-ChIJmTmRC9JhTzURPWvKbhi_HZw","鳥勢","宇和島市","〒798-0007 愛媛県宇和島市寿町２丁目５−５ 清水建材ビル","","","likely"
"g-ChIJbz1we3f2RTURNsW9oKOX9MA","鶴亀","宇和島市","〒798-3301 愛媛県宇和島市津島町岩松７３０","","","likely"
"g-ChIJEcn9pyZhTzUR3BsX5iRTr8k","天婦羅 天よし","宇和島市","〒798-0040 愛媛県宇和島市中央町１丁目７−１７","","ten.tenyoshi","likely"
"g-ChIJ0bXZmWhhTzURNVVWm3HDuXI","嶋","宇和島市","〒798-0060 愛媛県宇和島市丸之内５丁目６−１","","shima.uwajima","likely"
"g-ChIJuYVab8xhTzURWHLm-Hqu8WI","味丸","宇和島市","〒798-0060 愛媛県宇和島市丸之内５丁目２−１７","","","likely"
"g-ChIJeW4d77X3RTURX41caZvVXdI","和み茶屋","宇和島市","〒798-3323 愛媛県宇和島市津島町上畑地１１３７−３","","","likely"
"g-ChIJxxvQlh9lTzURGhqNT7_77ek","miroku","鬼北町","〒798-1333 愛媛県北宇和郡鬼北町永野市４３８","","miroku_kihoku","likely"
"g-ChIJWYCuCDp0TzURZpr9x7-xsJI","かつやま","鬼北町","〒798-1502 愛媛県北宇和郡鬼北町下鍵山１１２","","kihoku.sci","likely"
"g-ChIJtSf8FA5lTzURDv1F8v8SeoU","がんてつ","鬼北町","〒798-1333 愛媛県北宇和郡鬼北町永野市４３２ 361番地1","","","likely"
"g-ChIJhUb7BxJlTzURicVih16HW7g","ジョイフル愛媛広見店","鬼北町","〒798-1333 愛媛県北宇和郡鬼北町永野市４４４","","joyfull_info","likely"
"g-ChIJYR905HxwTzUREoE5M33r7Z0","憩ふ食空間 風","鬼北町","〒798-1302 愛媛県北宇和郡鬼北町下大野１４−４","","","likely"
"g-ChIJa_heJ0pxTzUR6yNvd4tyDd4","戸祇","鬼北町","〒798-1312 愛媛県北宇和郡鬼北町川上４５１−１","","","likely"
"g-ChIJ0VYYQhRlTzURXSHE9RAhnx8","好屋","鬼北町","〒798-1341 愛媛県北宇和郡鬼北町近永７８７","","yoshiya_448ii","likely"
"g-ChIJ_WkVne1lTzURrQ0ijghGSu4","彩り茶屋","鬼北町","〒798-1333 愛媛県北宇和郡鬼北町永野市１３８−６","","sankakuboushi","likely"
"g-ChIJ80guYRplTzURu9g2LCmzDTg","春廼家","鬼北町","〒798-1341 愛媛県北宇和郡鬼北町近永６４９","","","likely"
"g-ChIJrYa8rRplTzURt5AGRrSAl3w","德丸商店","鬼北町","〒798-1362 愛媛県北宇和郡鬼北町清延424番地","","","likely"
"g-ChIJM0nIURK4TzURGb_Fw5FDr6o","うまいもん屋 土居","久万高原町","〒791-1503 愛媛県上浮穴郡久万高原町日野浦８１６","","","likely"
"g-ChIJMVV8ALrFTzUR05a__uSfqvs","喜楽里","久万高原町","〒791-1706 愛媛県上浮穴郡久万高原町本組885番地","","2022_kirari","likely"
"g-ChIJs0d9LszBTzURM-XRLLN1NSA","信州そばの店 十割そば","久万高原町","〒791-1201 愛媛県上浮穴郡久万高原町久万２１７−１","","","likely"
"g-ChIJWZCNZVTATzURGDruypoac5I","天空の郷 レストラン さんさん","久万高原町","〒791-1202 愛媛県上浮穴郡久万高原町入野１８５５−６","","","likely"
"g-ChIJo2tDrWLPTzURWQTFlzlxap8","面河ふるさと市場","久万高原町","〒791-1709 愛媛県上浮穴郡久万高原町相の木２６","","","likely"
"g-ChIJEzUXCF06UDURGNwdb4RvAfA","そば元（そばげん）","今治市","〒794-0026 愛媛県今治市別宮町１丁目１−１７","","","likely"
"g-ChIJtwUOBSA7UDURWgfABs3-5NU","やま勝","今治市","〒794-0064 愛媛県今治市小泉４丁目１２−１８","","","likely"
"g-ChIJv26cgto6UDUR9F4gKXiPn18","わらや","今治市","〒794-0863 愛媛県今治市徳重１０１−１","","","likely"
"g-ChIJKw3wD1GRUTURj5XgTpzrn2w","さざれ石","四国中央市","〒799-0101 愛媛県四国中央市川之江町５９−２","","","likely"
"g-ChIJr65_RxGVUTURhe-UOBcZ_1I","とりや","四国中央市","〒799-0431 愛媛県四国中央市寒川町２７０４−１","","","likely"
"g-ChIJ8wESrzeRUTURvNt2YGmwYBE","ひさご屋","四国中央市","〒799-0101 愛媛県四国中央市川之江町１０６３","","","likely"
"g-ChIJ9_ZNE1CRUTURF_cPC6YsDCk","ぶんぶくちゃがま 本店","四国中央市","〒799-0113 愛媛県四国中央市妻鳥町７４０−４","","bunbukuchagama_honten","likely"
"g-ChIJu-wNKkGRUTURwTSNdBM1aS4","伊予万里","四国中央市","〒799-0111 愛媛県四国中央市金生町下分１００−９","","iyobanrikawanoe","likely"
"g-ChIJ___zyziVUTURomGmROXc2WQ","一心","四国中央市","〒799-0431 愛媛県四国中央市寒川町３６５５","","","likely"
"g-ChIJV8CyQGuUUTURlbIglJAbdfQ","一品・松野","四国中央市","〒799-0405 愛媛県四国中央市三島中央２丁目７−１ 富岳ビル","","ippin_matsuno","likely"
"g-ChIJC_KNEp-RUTURvgHvLkr-zcc","宮内製麺","四国中央市","〒799-0113 愛媛県四国中央市妻鳥町９１２","","","likely"
"g-ChIJU2st0mmUUTURWW96xE2HPAc","吟醸倶楽部","四国中央市","〒799-0405 愛媛県四国中央市三島中央３丁目６−１２","","","likely"
"g-ChIJwdIBovuTUTURrJoCAHWXZX8","山口","四国中央市","〒799-0411 愛媛県四国中央市下柏町９００−１","","","likely"
"g-ChIJBVFXEf6UUTURqNEYAlZfMf8","山口里の店","四国中央市","〒799-0431 愛媛県四国中央市寒川町３０９−１","","yamaguchisatonomise","likely"
"g-ChIJLyxq6miTUTUROH6_w08o0H4","炭火・釜飯 銀六屋","四国中央市","〒799-0411 愛媛県四国中央市下柏町７２４−２","","","likely"
"g-ChIJfzT_DQCVUTURNK12vAv8kcY","揚足鳥 いちよし","四国中央市","〒799-0404 愛媛県四国中央市三島宮川２丁目３−２５","","ichiyoshi0214","likely"
"g-ChIJzVxgQVCRUTURYGmAZigZEbw","料亭 即今","四国中央市","〒799-0113 愛媛県四国中央市妻鳥町７３９−４","","ryoutei_sokkon","likely"
"g-ChIJjS5yYbDvTzURAt1jjDLP4-s","YAKITORI kitchen 彩","松山市","〒790-0044 愛媛県松山市余戸東２丁目１３−３９ 余戸徳和ビル １F","","yakitori_kitchen_irodori","likely"
"g-ChIJn5CqXE7vTzURctavJPixj9E","おらんだ館","松山市","〒790-0932 愛媛県松山市東石井３丁目７−５ 田中ビル","","","likely"
"g-ChIJg-g9crblTzUR7NNNw6mL-Eg","かど八","松山市","〒790-0865 愛媛県松山市新立町２−２２","","","likely"
"g-ChIJr5cScQrvTzUR7iqfigZFR1w","井上のそば屋 本店","松山市","〒790-0042 愛媛県松山市保免中２丁目１０−１５","","","likely"
"g-ChIJ1Z3pYIDgTzURJHcATMKNuxg","丸味","松山市","〒791-0127 愛媛県松山市藤野町１５８−１","","","likely"
"g-ChIJaz1TVyruTzURS4ozf2z58dE","国重","松山市","〒791-8044 愛媛県松山市西垣生町７９６−２","","","likely"
"g-ChIJva3BphzuTzURMEidFcPsxec","hanari ハンアリ","松前町","〒791-3120 愛媛県伊予郡松前町筒井６８５−５","","hanari.miki328","likely"
"g-ChIJT7mWlyPvTzURt7VkB62znKI","M2BASE","松前町","〒791-3141 愛媛県伊予郡松前町恵久美３７３−１","","m2base_ehime","likely"
"g-ChIJjxYPs_XuTzURWz2sY9Bs7c8","あっぱれ亭","松前町","〒791-3161 愛媛県伊予郡松前町神崎４５","","","likely"
"g-ChIJo8lj3f7xTzURSVWOYDVJDoA","すずろ","松前町","〒791-3120 愛媛県伊予郡松前町筒井１３２１","","","likely"
"g-ChIJh0leQf7tTzUROUJsTlqQHI4","てんてん丸 伊予松前店","松前町","〒791-3102 愛媛県伊予郡松前町北黒田２６６−２","","tentenmaru_masaki","likely"
"g-ChIJb3M6vvvxTzURaLnWR19ZLZs","めん処矢磨樹松前店","松前町","〒791-3120 愛媛県伊予郡松前町筒井１５９７−８","","","likely"
"g-ChIJH1qo_jbtTzURQbDFJYQiUVM","モカチャーゼ","松前町","〒791-3102 愛媛県伊予郡松前町北黒田３９４−３","","","likely"
"g-ChIJq-bnNfnxTzURjHVbcQDNgQw","割烹 仕出し 川﨑屋","松前町","〒791-3110 愛媛県伊予郡松前町浜４６０","","kawasakiya_masaki","likely"
"g-ChIJ1cnj0zjuTzURQg8SXFqktL8","郷家松前店","松前町","〒791-3133 愛媛県伊予郡松前町昌農内２８−１","","motsunabe58","likely"
"g-ChIJxRZLKyXvTzURL7itRhlS5D0","羅座亜留 炭火焼自家焙煎所 ジャカランダコーヒー","松前町","〒791-3164 愛媛県伊予郡松前町中川原４９０−３","","jacaranda_coffee_roastery_","likely"
"g-ChIJRWm1NiR_RTURwiMWGnViWkM","甘味霧中/菓子工房KAZU","松野町","〒798-2101 愛媛県北宇和郡松野町松丸８８","","kanmi_muchu","likely"
"g-ChIJaTjDHH5vTzURFLlxddQFP_Q","長太郎","松野町","愛媛県北宇和郡松野町松丸","","","likely"
"g-ChIJkw_9LgOtUTUR4svcX-17xNE","しまで cafe","上島町","〒794-2506 愛媛県越智郡上島町弓削下弓削８３０−１","","","likely"
"g-ChIJ3ZyotSSxUTURAxUktYTpTDU","食事処 まんが亭","上島町","〒794-2541 愛媛県越智郡上島町魚島二番耕地１２５−２","","","likely"
"g-ChIJJeDlLRnPUTURbK9OQX-MKpk","いただきまんま バンザイミネジィ","新居浜市","〒792-0826 愛媛県新居浜市喜光地町２丁目４−２","","","likely"
"g-ChIJ__9br8XOUTURJNicp-6wdoo","お食事処めしる","新居浜市","〒792-0024 愛媛県新居浜市宮西町３−１６","","","likely"
"g-ChIJzWDy2MnIUTURCz1qhLtB0vE","かつ福 新居浜店","新居浜市","〒792-0894 愛媛県新居浜市郷１丁目２−367‐3","","","likely"
"g-ChIJwSt7KszOUTURloQMURbyR9w","ハイジ","新居浜市","〒792-0017 愛媛県新居浜市若水町２丁目５−２１","","","likely"
"g-ChIJ33sH5h_PUTURfxLeclkXG-0","ピッツェリアマルブン 新居浜店","新居浜市","〒792-0812 愛媛県新居浜市坂井町２丁目２−４４","","marubun_1923","likely"
"g-ChIJm4gIi8XOUTUR8G7l0ZLf3_0","ひらく","新居浜市","〒792-0021 愛媛県新居浜市泉宮町９−３７","","himachi_n","likely"
"g-ChIJCzqY1M3OUTUR1m3ehnpCsO4","ぼてすけ屋","新居浜市","〒792-0017 愛媛県新居浜市若水町２丁目５−２４","","","likely"
"g-ChIJmY-NacvIUTURU7i-t-HRFZo","もつ鍋 骨付き鶏 平","新居浜市","〒792-0886 愛媛県新居浜市郷１丁目１６−４８","","","likely"
"g-ChIJh1fyaRzPUTURMwzO9J6AVR0","よぅたん","新居浜市","〒792-0812 愛媛県新居浜市坂井町３丁目３−４１","","","likely"
"g-ChIJsxhEZgXPUTURDD37lmUcX6E","一福 新居浜店","新居浜市","〒792-0826 愛媛県新居浜市喜光地町１丁目１０−５","","ichifuku_niihama","likely"
"g-ChIJV_uUOHzPUTUR7Ra50DlGqzM","韓丼 新居浜店","新居浜市","〒792-0824 愛媛県新居浜市上泉町５−５","","kandon_yaruki","likely"
"g-ChIJ0fh7i5DOUTURiOYxnDZeB9I","七味","新居浜市","〒792-0003 愛媛県新居浜市新田町１丁目２−８","","","likely"
"g-ChIJP4mbJgDPUTURviHUwMKIp0E","小原屋台","新居浜市","〒792-0022 愛媛県新居浜市徳常町８−１７","","","likely"
"g-ChIJu3RfxtbOUTUR7A5MGiWyprk","茶山","新居浜市","〒792-0804 愛媛県新居浜市田所町６−１０ アイビー館","","sayama510","likely"
"g-ChIJhd8-Cs_OUTURoOJtiu65P1w","福ちゃん","新居浜市","〒792-0017 愛媛県新居浜市若水町１丁目７−１１","","","likely"
"g-ChIJ18AX-HstUDURxHSh9m7x744","sui café","西条市","〒793-0042 愛媛県西条市喜多川６３８−１","","sui.cafe","likely"
"g-ChIJFbvFKhrTUTURbPzS2zEMBig","あかのれん","西条市","〒793-0023 愛媛県西条市明屋敷４６９−１","","","likely"
"g-ChIJzzJ29xkvUDURNhuR9F6idSg","そば家 一創庵 福成寺店","西条市","〒799-1316 愛媛県西条市福成寺３３１−１","","","likely"
"g-ChIJffn9FLYuUDURObSh3KcJ20U","そば宏","西条市","〒799-1371 愛媛県西条市周布７０４−１","","","likely"
"g-ChIJP4a0p8HSUTURnc9jeggVxDc","はしもと","西条市","〒793-0030 愛媛県西条市大町１−４３７−７ 下町中","","","likely"
"g-ChIJhzmwNcgsUDURVufEFZnIv9Y","ふじ","西条市","〒793-0051 愛媛県西条市安知生６９７","","","likely"
"g-ChIJr3jtbpkuUDURLXr0jmPfl0M","祭華","西条市","〒799-1353 愛媛県西条市三津屋南５−８","","","likely"
"g-ChIJwaSW1-coUDURY2QlzNiVbKQ","三星食品工業(株)","西条市","〒791-0508 愛媛県西条市丹原町池田１０８７−１","","mitubosisyouyu","likely"
"g-ChIJbVm3hNrSUTUR2pJ4R8NGI6Q","山長","西条市","〒793-0030 愛媛県西条市大町１５０３","","","likely"
"g-ChIJLeBXiX3NUTURutIMoGBkzrc","十五家","西条市","〒793-0006 愛媛県西条市下島山甲１４３６−５","","","likely"
"g-ChIJlRL_t7XSUTURninf_kSdKd4","西條そば 甲","西条市","〒793-0027 愛媛県西条市朔日市７８３−６","","koshinogihara","likely"
"g-ChIJMS_v2MksUDURSiXiGJlaThI","竹ばやし","西条市","〒793-0053 愛媛県西条市洲之内甲９６９","","","likely"
"g-ChIJKwNUJADTUTURQB7mni-BNGM","道10","西条市","〒799-1351 愛媛県西条市三津屋１９５−６","","fdosu.michi10since510","likely"
"g-ChIJr2SGC5kuUDUR4nIK0jyx1Xk","梵字","西条市","〒799-1353 愛媛県西条市三津屋南５−１２","","bonji0813","likely"
"g-ChIJWffhWI6HRTURzab550uu7lk","ARISU","西予市","〒797-0015 愛媛県西予市宇和町卯之町３丁目４１４","","arisu.seiyo","likely"
"g-ChIJU-jjjjV2TzURE-LF8Ccq0ys","コスモス","西予市","〒797-1717 愛媛県西予市城川町下相１００９−１","","","likely"
"g-ChIJnWRzafuGRTUR171BuRyvv-0","シャルール","西予市","〒797-0032 愛媛県西予市宇和町田苗真土１６１１","","yurininomiya2180","likely"
"g-ChIJOR9V8EWHRTUR18He6wzvkvA","ステーション","西予市","〒797-0015 愛媛県西予市宇和町卯之町１丁目２２７","","","likely"
"g-ChIJmUH_85aHRTUR0BTn6TTq69Q","たちばな","西予市","〒797-0015 愛媛県西予市宇和町卯之町５丁目３６８","","","likely"
"g-ChIJFTnAYrOHRTURjcf51ZyGhrA","ディーヤ","西予市","〒797-0015 愛媛県西予市宇和町卯之町３丁目３９７","","","likely"
"g-ChIJiwB8WgCPRTURdpbh1ZMwFiE","にの味屋","西予市","〒797-0201 愛媛県西予市明浜町高山","","ninomiya_takayama","likely"
"g-ChIJ-7iCCzmHRTURDHqAI1FcCOo","みのり","西予市","〒797-0015 愛媛県西予市宇和町卯之町２丁目１９８","","","likely"
"g-ChIJPRqvWk-GRTURbM3m29v7y5Q","めん坊","西予市","〒797-0018 愛媛県西予市宇和町下松葉３０","","","likely"
"g-ChIJ7zRaelqGRTURUC50DV1kgQY","ゆうぼく牧場直営レストラン / ゆうぼく民","西予市","〒797-0045 愛媛県西予市宇和町坂戸６７３−１","","yubokunosato","likely"
"g-ChIJcTKZgDV2TzUR68DU8zzyld8","レストラン 停満里","西予市","〒797-1717 愛媛県西予市城川町下相１００８−１","","","likely"
"g-ChIJ0WP4B1OHRTURc-B_14mnl9g","レストランいっぷく","西予市","〒797-0013 愛媛県西予市宇和町稲生１１８","","","likely"
"g-ChIJ33b5e7yHRTURD0nrsf-shFM","れんげそう","西予市","〒797-0015 愛媛県西予市宇和町卯之町２丁目４１７","","","likely"
"g-ChIJS7tZ_HaHRTURq2aRH_tfda4","卯之町バールOTO","西予市","〒797-0015 愛媛県西予市宇和町卯之町３丁目２１６","","unomachi.bar.oto","likely"
"g-ChIJBS_7c82HRTUR67RQuxY-doM","下ノ町ハシエンダ","西予市","〒797-0015 愛媛県西予市宇和町卯之町４丁目６３７","","","likely"
"g-ChIJj7ZxPGyHRTUR3mtgpeSw0EM","菊水","西予市","〒797-0015 愛媛県西予市宇和町卯之町２丁目４０６","","","likely"
"g-ChIJVU-_1wqHRTUR6sHmdcdSDQE","咲咲-SAKU SAKU-","西予市","〒797-0015 愛媛県西予市宇和町卯之町３丁目４３５−１ 所在施設：ゆるりあん","","","likely"
"g-ChIJm8873quHRTURlQo3PE4o44s","社長たちのサンドイッチ","西予市","〒797-0015 愛媛県西予市宇和町卯之町３丁目１１３","","syacho_sandwich","likely"
"g-ChIJqa9E4EmHRTURLDXVDqMm07Q","粋","西予市","〒797-0046 愛媛県西予市宇和町上松葉２０９","","","likely"
"g-ChIJ9c-3nHWHRTURV3KdnVJbYvg","東洋軒 宇和店","西予市","〒797-0046 愛媛県西予市宇和町上松葉２２２−３","","toyokaihatsu","likely"
"g-ChIJuYqjWQCHRTUR2nQ5Yd25bRU","肉専科しんみや","西予市","〒797-0013 愛媛県西予市宇和町稲生３５","","","likely"
"g-ChIJsawc6sSHRTURZi-b8lWc4zI","豊源 西予店","西予市","〒797-0018 愛媛県西予市宇和町下松葉５１３","","","likely"
"g-ChIJB1xOAEmGRTURzYQGRdTcaFQ","野福","西予市","〒797-0018 愛媛県西予市宇和町下松葉３５３−１","","nofuku.seiyo","likely"
"g-ChIJTf5Hhr-ATzUReSwFLomSHrc","Bar&Cafe Roy's","大洲市","〒795-0064 愛媛県大洲市東大洲１３４０−１","","roysoozu56","likely"
"g-ChIJLSf1Nvh_RTURzmSNhROAReQ","CO-CO","大洲市","〒795-0001 愛媛県大洲市北只５８９−１５","","","likely"
"g-ChIJ8fJHP3t8RTUR5hgZ37NXhzw","あさちゃん","大洲市","〒799-3401 愛媛県大洲市長浜５８９−１","","","likely"
"g-ChIJjz4juI2ATzUR-dS4F65rbTQ","シャトル","大洲市","〒795-0064 愛媛県大洲市東大洲８４７−１","","shuttle.ozu","likely"
"g-ChIJ-xcm1JaATzURoXWDpOA4-Xk","じょうもん","大洲市","〒795-0065 愛媛県大洲市東若宮２−１０","","","likely"
"g-ChIJre8lOYCATzURpP3hO2RCcVQ","たけちゃん","大洲市","〒795-0064 愛媛県大洲市東大洲９６−１","","","likely"
"g-ChIJOcyey9x_RTURrtzD4WcNJdo","つぼね","大洲市","〒795-0012 愛媛県大洲市大洲８７４−２","","","likely"
"g-ChIJY3KJ6w-BTzURfCoSgJJclxg","なな","大洲市","〒795-0063 愛媛県大洲市田口３９０−５","","","likely"
"g-ChIJc6qCeNx_RTURpZXiWndEioY","ルーム千秋","大洲市","〒795-0012 愛媛県大洲市大洲９−７","","","likely"
"g-ChIJ972jOdV_RTURouawuvSaIDE","葵 Aoi","大洲市","〒795-0052 愛媛県大洲市若宮６６３−１","","","likely"
"g-ChIJ25lTlsR_RTURjKK_XlKvKXE","屋台よもだ","大洲市","〒795-0063 愛媛県大洲市田口２５−８","","","likely"
"g-ChIJHbNnv9h_RTURj9DN6HYzN54","臥龍茶屋","大洲市","〒795-0012 愛媛県大洲市大洲３９８−６","","","likely"
"g-ChIJp8HxPZaATzURqVsyL66zPZ4","山善","大洲市","〒795-0065 愛媛県大洲市東若宮８−２２","","","likely"
"g-ChIJf1IRzB19RTURrmxLEL5-DSY","泉屋","大洲市","〒795-0041 愛媛県大洲市八多喜町甲５８","","","likely"
"g-ChIJjY8jXNl_RTURhiY2z6hQALA","大洲炉端 油屋","大洲市","〒795-0012 愛媛県大洲市大洲４２","","aburaya.ehime","likely"
"g-ChIJU4Ix-vx_RTURN0bNicQ8ssM","茶寮 平野屋","大洲市","〒795-0012 愛媛県大洲市大洲３９４−１","","saryou_hiranoya","likely"
"g-ChIJbccUuuR_RTURw4Fu5SVIZDE","熱烈タンタン麺一番亭 大洲店","大洲市","〒795-0001 愛媛県大洲市北只１６０−５","","","likely"
"g-ChIJLVis1NB_RTURnrnawDeISOk","美ゆき 大洲店","大洲市","〒795-0054 愛媛県大洲市中村６１８−８","","miyukiozu3308","likely"
"g-ChIJZ7-_h8CATzURiSfJtjhoHsU","風人月下 東大洲店","大洲市","〒795-0064 愛媛県大洲市東大洲１４９０−３","","toyokaihatsu","likely"
"g-ChIJQV6cfmR_RTURlIBi2ro5QX0","分油屋","大洲市","〒795-0012 愛媛県大洲市大洲６４９−１ 2F","","","likely"
"g-ChIJIRdBh5F_RTURoR0oh5ZGGAk","穂の里","大洲市","〒795-0013 愛媛県大洲市西大洲９４２−５","","honosatoozu","likely"
"g-ChIJaVa_7ex_RTUR_uxlzR2G06E","葉月","大洲市","〒795-0012 愛媛県大洲市大洲２０１","","","likely"
"g-ChIJDSL5QvvrTzURn_ij_qI9uFQ","KIZOKU(キゾク)","砥部町","〒791-2132 愛媛県伊予郡砥部町大南１８５","","jrkizoku","likely"
"g-ChIJOXEST0zpTzURKGnLY4T8IT8","かくれんぼ","砥部町","〒791-2120 愛媛県伊予郡砥部町宮内８１−３","","","likely"
"g-ChIJ8Zo6GU3pTzURTGymHCssUrY","なかまる","砥部町","〒791-2123 愛媛県伊予郡砥部町川井８６８−１","","","likely"
"g-ChIJLwKxFy3pTzURs6uMT2tW0Qo","変幻自在 かめりあ","砥部町","〒791-2114 愛媛県伊予郡砥部町麻生264−１","","","likely"
"g-ChIJ_z3kE1bpTzURxx2cldxQ3VQ","和酔食菜ｋｅｎ","砥部町","〒791-2122 愛媛県伊予郡砥部町千足７４","","","likely"
"g-ChIJOQowSWTpTzURa6ImiOFLuHY","炒飯専門店トーマス","砥部町","〒791-2113 愛媛県伊予郡砥部町拾町３６２","","tms.burger","likely"
"g-ChIJ9VhNV4TdTzURWNFKgjkYjG0","cafe ナナハン 750","東温市","〒791-0303 愛媛県東温市北方２５５７−２","","caf_e750","likely"
"g-ChIJJUF54h_dTzURo-bLCIVf5x4","Okinawa🏝Kitchen美ら島160 オキナワキッチンチュラシマヒャクロクジュウ","東温市","〒791-0206 愛媛県東温市志津川南４丁目8−１０","","churashima160","likely"
"g-ChIJp4WNzEfdTzURtvTV4guVe08","いしづち山麓マルシェ","東温市","〒791-0211 愛媛県東温市見奈良１１２５","","i.marche0428","likely"
"g-ChIJpbjaFcPdTzURc1k93X0u2zs","ぎんなん","東温市","〒791-0203 愛媛県東温市横河原","","ginnan.syowa","likely"
"g-ChIJOfi56_HcTzURaLCqMzXMZ6E","そば 町谷","東温市","〒791-0311 愛媛県東温市則之内甲２８００−５","","","likely"
"g-ChIJ5TMwW3roTzURMlKjLd4vaiw","どんと 重信店","東温市","〒791-0216 愛媛県東温市野田３丁目１−３","","","likely"
"g-ChIJByLI6groTzURULMbXSQDQ2E","にしきそば","東温市","〒791-0213 愛媛県東温市牛渕１０５３−５","","nishikisoba31","likely"
"g-ChIJpQZ4EuPcTzURRMgd5bz192Y","フィレンツェ","東温市","〒791-0301 愛媛県東温市南方７７４","","trattoria_firenze","likely"
"g-ChIJn1_11vfcTzURgFtV2DVQ8VM","ふるさと交流館 さくらの湯","東温市","〒791-0303 愛媛県東温市北方甲2081-1","","sakuranoyu.toon","likely"
"g-ChIJ2zAT83voTzURPjbCvRSelD0","ペッティロッソ","東温市","〒791-0215 愛媛県東温市北野田５８２−６","","","likely"
"g-ChIJVbhpskzdTzURbFZAjtPvEWE","マニフィーク","東温市","〒791-0222 愛媛県東温市下林甲１０７３−１１","","magnifique_mayumi","likely"
"g-ChIJwY3ErGrdTzURiVE8I7TQLp8","やすまるキッチン","東温市","〒791-0203 愛媛県東温市横河原３６６ サービス棟","","","likely"
"g-ChIJAypVZwroTzURhnW_xdJwOxE","ロカンダ デルクオーレ","東温市","〒791-0213 愛媛県東温市牛渕１０２５−１","","","likely"
"g-ChIJNzHA1fjnTzURzcDfVmfOPVE","一汁三菜五感","東温市","〒791-0212 愛媛県東温市田窪１７４４","","gokan.ichijusansai","likely"
"g-ChIJZ3_Am3DoTzURQ-781qrN08k","一心","東温市","〒791-0216 愛媛県東温市野田３丁目４−９","","","likely"
"g-ChIJb_KLBxPdTzUR2E0UvrBez3Y","吾平","東温市","〒791-0203 愛媛県東温市横河原１３３１−３","","","likely"
"g-ChIJNWMgFODnTzURebU2I7AzLCE","旬彩武","東温市","〒791-0213 愛媛県東温市牛渕１９５８","","","likely"
"g-ChIJY3wUMi_nTzURkWHRUj5BTUk","笑夢","東温市","〒791-0213 愛媛県東温市牛渕１９４１","","emu05.01","likely"
"g-ChIJL-6gbG2PTzURf4BRr13s4aI","atochi","内子町","〒791-3331 愛媛県喜多郡内子町立山５４３１","","atochi2019","likely"
"g-ChIJ_0wGZ7-FTzURRdysqhUb1Wo","IZAKAYAにこり","内子町","〒791-3301 愛媛県喜多郡内子町内子１１４８−１","","","likely"
"g-ChIJdSByrNyWTzUR8hArGHbops8","かじか亭","内子町","〒791-3502 愛媛県喜多郡内子町寺村２５１−１","","","likely"
"g-ChIJc5LM1raFTzURUK4rWlsxbLQ","でんじろう","内子町","〒791-3301 愛媛県喜多郡内子町内子２６３３","","","likely"
"g-ChIJk3bBYrSFTzURBYnzdYArzUQ","やきとり 一膳","内子町","〒791-3301 愛媛県喜多郡内子町内子１７８５","","","likely"
"g-ChIJYXQKT7GFTzURJCgrN73z5NY","りんすけ","内子町","〒791-3301 愛媛県喜多郡内子町内子２０２７","","","likely"
"g-ChIJBcdlA0uETzUR-yvFdvobPJk","鼓次郎","内子町","〒791-3301 愛媛県喜多郡喜多郡内子町内子１４５５","","","likely"
"g-ChIJz48tOrWFTzURh3PN93rrVuo","石焼ビビンバ・しゃぶしゃぶ「がっちゃん家」","内子町","〒791-3301 愛媛県喜多郡内子町内子２０５２","","","likely"
"g-ChIJ5YIhAbSFTzURsWXL8oaal_k","米屋（よねや）","内子町","〒791-3301 愛媛県喜多郡内子町内子１９７０","","","likely"
"g-ChIJdZ51QzWETzURxSM9AOlsD6Y","味平","内子町","〒791-3301 愛媛県喜多郡内子町内子１０３７","","","likely"
"g-ChIJx_zDDbSFTzURfJOaIFCSmXQ","洋食マザー","内子町","〒791-3301 愛媛県喜多郡内子町内子１７２１","","","likely"
"g-ChIJv-UHJ36DRTUROZIHocIpkzY","petit bonheur","八幡浜市","〒796-0031 愛媛県八幡浜市江戸岡１丁目９−１２","","petit.bonheur_kometani","likely"
"g-ChIJyxr2GHuDRTURzi4H9VVlr08","いの","八幡浜市","〒796-0026 愛媛県八幡浜市矢野町２丁目１０９２","","","likely"
"g-ChIJcUDgiUmDRTURjsnFqAkKnIA","ジョイフル 愛媛保内店","八幡浜市","〒796-0202 愛媛県八幡浜市保内町宮内２耕１２１−１","","joyfull_info","likely"
"g-ChIJ20JRXYOERTURCJJ-a6f6Nls","デリー","八幡浜市","〒796-0026 愛媛県八幡浜市矢野町７丁目１４１３−１ 銀座7","","","likely"
"g-ChIJkxAYp52ERTURKgVhE4ns7Fg","どんと 北浜店","八幡浜市","〒796-0048 愛媛県八幡浜市北浜１丁目４−３３","","","likely"
"g-ChIJS13HuAqFRTURC43Xj8Gf5-Y","フードコート アゴラマルシェ","八幡浜市","〒796-0087 愛媛県八幡浜市沖新田１５８１−２３","","agoramarche","likely"
"g-ChIJd6zNqISERTUR3l_v2x3_eI0","みなと","八幡浜市","〒796-0026 愛媛県八幡浜市矢野町７丁目１４","","","likely"
"g-ChIJn4QVlE6DRTURQbnvz6bDaEw","やぐら","八幡浜市","〒796-0202 愛媛県八幡浜市保内町宮内１−３４３−１","","","likely"
"g-ChIJW-GjLoOERTURaaVn5ycl3Z4","一心","八幡浜市","〒796-0064 愛媛県八幡浜市船場通２６０−２","","","likely"
"g-ChIJ2ZU8aYOERTUR_MrIpT3vNLs","火の鳥","八幡浜市","〒796-0067 愛媛県八幡浜市中央１５８","","","likely"
"g-ChIJ-57B58iFRTUR9jVmu74AqNQ","海乃幸 騎虎","八幡浜市","〒796-0085 愛媛県八幡浜市天神通り２丁目１５８２−３","","","likely"
"g-ChIJSZt5dwCFRTURX3EMZkDBfog","楽酒みなみ","八幡浜市","〒796-0035 愛媛県八幡浜市須崎２丁目14−３ 丸ニビル 103","","makanaityubou.yotchattei","likely"
"g-ChIJ99-Y04KERTURQ-iwOd93oxk","割烹 たる源","八幡浜市","〒796-0075 愛媛県八幡浜市仲之町３９０","","","likely"
"g-ChIJyxr2GHuDRTURrOu-8a7XMk4","丸山","八幡浜市","〒796-0069 愛媛県八幡浜市下道２丁目３７１−９","","","likely"
"g-ChIJhQtPRn2DRTURmdOv9W6yW3Q","暁","八幡浜市","〒796-0088 愛媛県八幡浜市旧港４２３−１","","akinari_kinuwa","likely"
"g-ChIJOTMiUE-DRTURkQCim0OaEQE","串呑家 坊主","八幡浜市","〒796-0202 愛媛県八幡浜市保内町宮内１−３０７","","","likely"
"g-ChIJ85CWs4CERTURrM2HXgRI9ng","三代目長山精肉店","八幡浜市","〒796-8004 愛媛県八幡浜市産業通１１−２０３−１","","","likely"
"g-ChIJLZIdI0-DRTURPdPHpKYKD6s","焼き鶏 奏【かなで】","八幡浜市","〒796-0202 愛媛県八幡浜市保内町宮内１−３２３−１","","yakitorikanade","likely"
"g-ChIJsRCJmIOERTURmbcxXk3pIT8","焼き上手","八幡浜市","〒796-0026 愛媛県八幡浜市42５丁目３","","","likely"
"g-ChIJtYIZ_pyERTUR8uJah0qjZso","地鶏のごちそう｡［ﾃｲｸｱｳﾄ］","八幡浜市","〒796-0083 愛媛県八幡浜市北浜３丁目1590–18","","","likely"
"g-ChIJR9rK1_iDRTURoWuwD7qgSQY","定食屋 新","八幡浜市","〒796-0202 愛媛県八幡浜市保内町宮内１−２７６−１ ローズ 館1A","","teisyokuya_shin","likely"
"g-ChIJVVWVzoCERTURW3eliVDeQ18","酉屋 りょう吉 八幡浜店","八幡浜市","〒796-0071 愛媛県八幡浜市新町１丁目1440―6","","toriya_ryokichi___","likely"
"g-ChIJNWeueYOERTURmsctYOdCEc4","美味しんぼ 花","八幡浜市","〒796-0026 愛媛県八幡浜市矢野町５丁目38−６","","","likely"
"g-ChIJ44FYa06DRTURwPb_sYNeWRs","武蔵","八幡浜市","〒796-0202 愛媛県八幡浜市保内町宮内１−１６０−５","","","likely"
"g-ChIJzbs659yDRTURJ9uWA0beuiQ","平家谷そうめん流し","八幡浜市","〒796-0202 愛媛県八幡浜市保内町宮内８−２６４−２","","","likely"
"g-ChIJ____rIKERTURH-yySt9eGKs","北浜大島屋","八幡浜市","〒796-0072 愛媛県八幡浜市港町４１８","","","likely"
"g-ChIJ99-Y04KERTUREYJnDXCe2uM","味な店 秩父","八幡浜市","〒796-0075 愛媛県八幡浜市仲之町３９３−３","","","likely"
"g-ChIJO-JKRU-DRTURmnPIoo4sQxU","味和居Dining 敬","八幡浜市","〒796-0202 愛媛県八幡浜市保内町宮内２−８９−１","","","likely"
"g-ChIJOWUkpYKERTURrPSygDScfOE","民宿 愛花亭","八幡浜市","〒796-0071 愛媛県八幡浜市新町５丁目３０４−２","","","likely"
"g-ChIJbUYCfkaDRTURUG8O7zIoLF4","矢磨樹保内店","八幡浜市","〒796-0111 愛媛県八幡浜市保内町喜木１−７３ 神越","","","likely"
